{"v":"5.1.8","fr":29.9700012207031,"ip":0,"op":60.0000024438501,"w":400,"h":400,"nm":"main","ddd":0,"assets":[],"layers":[{"ddd":0,"ind":1,"ty":4,"nm":"check","sr":1,"ks":{"o":{"a":0,"k":100,"ix":11},"r":{"a":0,"k":0,"ix":10},"p":{"a":0,"k":[202.428,204.936,0],"ix":2},"a":{"a":0,"k":[-64.864,-19.958,0],"ix":1},"s":{"a":0,"k":[215.906,215.906,100],"ix":6}},"ao":0,"shapes":[{"ty":"gr","it":[{"ind":0,"ty":"sh","ix":1,"ks":{"a":0,"k":{"i":[[0,0],[0,0],[0,0]],"o":[[0,0],[0,0],[0,0]],"v":[[-90.25,-20.75],[-73.393,-3.75],[-39.071,-38.25]],"c":false},"ix":2},"nm":"パス 1","mn":"ADBE Vector Shape - Group","hd":false},{"ty":"st","c":{"a":0,"k":[1,1,1,1],"ix":3},"o":{"a":0,"k":100,"ix":4},"w":{"a":0,"k":8,"ix":5},"lc":2,"lj":2,"nm":"線 1","mn":"ADBE Vector Graphic - Stroke","hd":false},{"ty":"tr","p":{"a":0,"k":[0,0],"ix":2},"a":{"a":0,"k":[0,0],"ix":1},"s":{"a":0,"k":[100,100],"ix":3},"r":{"a":0,"k":0,"ix":6},"o":{"a":0,"k":100,"ix":7},"sk":{"a":0,"k":0,"ix":4},"sa":{"a":0,"k":0,"ix":5},"nm":"トランスフォーム"}],"nm":"シェイプ 1","np":2,"cix":2,"ix":1,"mn":"ADBE Vector Group","hd":false},{"ty":"tm","s":{"a":0,"k":0,"ix":1},"e":{"a":1,"k":[{"i":{"x":[0.833],"y":[0.833]},"o":{"x":[0.333],"y":[0]},"n":["0p833_0p833_0p333_0"],"t":25,"s":[0],"e":[100]},{"t":34.0000013848484}],"ix":2},"o":{"a":0,"k":0,"ix":3},"m":1,"ix":2,"nm":"パスのトリミング 1","mn":"ADBE Vector Filter - Trim","hd":false}],"ip":25.0000010182709,"op":65.0000026475043,"st":4.00000016292334,"bm":0},{"ddd":0,"ind":2,"ty":4,"nm":"circle fill","sr":1,"ks":{"o":{"a":0,"k":100,"ix":11},"r":{"a":0,"k":0,"ix":10},"p":{"a":0,"k":[200,200,0],"ix":2},"a":{"a":0,"k":[0,0,0],"ix":1},"s":{"a":0,"k":[254,254,100],"ix":6}},"ao":0,"shapes":[{"d":1,"ty":"el","s":{"a":1,"k":[{"i":{"x":[0.667,0.667],"y":[1,1]},"o":{"x":[0.333,0.333],"y":[0,0]},"n":["0p667_1_0p333_0","0p667_1_0p333_0"],"t":8,"s":[0,0],"e":[130,130]},{"i":{"x":[0.667,0.667],"y":[1,1]},"o":{"x":[0.333,0.333],"y":[0,0]},"n":["0p667_1_0p333_0","0p667_1_0p333_0"],"t":18,"s":[130,130],"e":[150,150]},{"i":{"x":[0.667,0.667],"y":[1,1]},"o":{"x":[0.333,0.333],"y":[0,0]},"n":["0p667_1_0p333_0","0p667_1_0p333_0"],"t":22,"s":[150,150],"e":[130,130]},{"t":24.6712510048806}],"ix":2},"p":{"a":0,"k":[0,0],"ix":3},"nm":"楕円形パス 1","mn":"ADBE Vector Shape - Ellipse","hd":false},{"ty":"st","c":{"a":0,"k":[0.329411774874,0.678431391716,0.678431391716,1],"ix":3},"o":{"a":0,"k":100,"ix":4},"w":{"a":0,"k":4,"ix":5},"lc":1,"lj":1,"ml":4,"nm":"線 1","mn":"ADBE Vector Graphic - Stroke","hd":false},{"ty":"fl","c":{"a":0,"k":[0.329411774874,0.678431391716,0.678431391716,1],"ix":4},"o":{"a":0,"k":100,"ix":5},"r":1,"nm":"塗り 1","mn":"ADBE Vector Graphic - Fill","hd":false}],"ip":8.00000032584668,"op":72.0000029326201,"st":8.00000032584668,"bm":0},{"ddd":0,"ind":3,"ty":4,"nm":"circle stroke","sr":1,"ks":{"o":{"a":0,"k":100,"ix":11},"r":{"a":0,"k":0,"ix":10},"p":{"a":0,"k":[200,200,0],"ix":2},"a":{"a":0,"k":[0,0,0],"ix":1},"s":{"a":0,"k":[254,254,100],"ix":6}},"ao":0,"shapes":[{"d":1,"ty":"el","s":{"a":0,"k":[130,130],"ix":2},"p":{"a":0,"k":[0,0],"ix":3},"nm":"楕円形パス 1","mn":"ADBE Vector Shape - Ellipse","hd":false},{"ty":"tm","s":{"a":0,"k":0,"ix":1},"e":{"a":1,"k":[{"i":{"x":[0.667],"y":[1]},"o":{"x":[0.333],"y":[0]},"n":["0p667_1_0p333_0"],"t":0,"s":[0],"e":[100]},{"t":12.00000048877}],"ix":2},"o":{"a":0,"k":0,"ix":3},"m":1,"ix":2,"nm":"パスのトリミング 1","mn":"ADBE Vector Filter - Trim","hd":false},{"ty":"st","c":{"a":0,"k":[0.329411774874,0.678431391716,0.678431391716,1],"ix":3},"o":{"a":0,"k":100,"ix":4},"w":{"a":0,"k":4,"ix":5},"lc":1,"lj":1,"ml":4,"nm":"線 1","mn":"ADBE Vector Graphic - Stroke","hd":false}],"ip":0,"op":12.00000048877,"st":7.00000028511585,"bm":0}],"markers":[]}