{"v":"5.3.4","fr":25,"ip":0,"op":28,"w":26,"h":26,"nm":"ic_detail_collect_s","ddd":0,"assets":[],"layers":[{"ddd":0,"ind":1,"ty":4,"nm":"layer1","sr":1,"ks":{"o":{"a":1,"k":[{"i":{"x":[0.78],"y":[1]},"o":{"x":[0.22],"y":[0]},"n":["0p78_1_0p22_0"],"t":5,"s":[100],"e":[0]},{"t":9}],"ix":11},"r":{"a":0,"k":0,"ix":10},"p":{"a":0,"k":[13,13,0],"ix":2},"a":{"a":0,"k":[0,0,0],"ix":1},"s":{"a":0,"k":[194.987,194.987,100],"ix":6}},"ao":0,"sy":[{"ty":0,"nm":"描边","c":{"a":0,"k":[0.764705896378,0.066666670144,0.686274528503,1],"ix":2},"s":{"a":0,"k":1.5,"ix":3}}],"shapes":[{"ty":"gr","it":[{"d":1,"ty":"el","s":{"a":1,"k":[{"i":{"x":[0.78,0.78],"y":[1,1]},"o":{"x":[0.22,0.22],"y":[0,0]},"n":["0p78_1_0p22_0","0p78_1_0p22_0"],"t":0,"s":[0,0],"e":[13,13]},{"t":8}],"ix":2},"p":{"a":0,"k":[0,0],"ix":3},"nm":"椭圆路径 1","mn":"ADBE Vector Shape - Ellipse","hd":false},{"ty":"st","c":{"a":0,"k":[0.840441176471,0.133031254189,0.67613734825,1],"ix":3},"o":{"a":0,"k":100,"ix":4},"w":{"a":1,"k":[{"i":{"x":[0.78],"y":[1]},"o":{"x":[0.22],"y":[0]},"n":["0p78_1_0p22_0"],"t":0,"s":[4],"e":[3]},{"i":{"x":[0.78],"y":[1]},"o":{"x":[0.22],"y":[0]},"n":["0p78_1_0p22_0"],"t":4,"s":[3],"e":[0]},{"t":9}],"ix":5},"lc":1,"lj":1,"ml":4,"ml2":{"a":0,"k":4,"ix":8},"nm":"描边 1","mn":"ADBE Vector Graphic - Stroke","hd":false},{"ty":"fl","c":{"a":0,"k":[0.746461391449,0.036156706512,0.660088837147,1],"ix":4},"o":{"a":0,"k":0,"ix":5},"r":1,"nm":"填充 1","mn":"ADBE Vector Graphic - Fill","hd":true},{"ty":"tr","p":{"a":0,"k":[0,0],"ix":2},"a":{"a":0,"k":[0,0],"ix":1},"s":{"a":0,"k":[100,100],"ix":3},"r":{"a":0,"k":0,"ix":6},"o":{"a":0,"k":100,"ix":7},"sk":{"a":0,"k":0,"ix":4},"sa":{"a":0,"k":0,"ix":5},"nm":"变换"}],"nm":"椭圆 1","np":3,"cix":2,"ix":1,"mn":"ADBE Vector Group","hd":false}],"ip":0,"op":22,"st":0,"bm":0},{"ddd":0,"ind":2,"ty":4,"nm":"8","sr":1,"ks":{"o":{"a":1,"k":[{"i":{"x":[0.78],"y":[1]},"o":{"x":[0.22],"y":[0]},"n":["0p78_1_0p22_0"],"t":7,"s":[0],"e":[100]},{"i":{"x":[0.78],"y":[1]},"o":{"x":[0.22],"y":[0]},"n":["0p78_1_0p22_0"],"t":9,"s":[100],"e":[100]},{"i":{"x":[0.78],"y":[1]},"o":{"x":[0.22],"y":[0]},"n":["0p78_1_0p22_0"],"t":12,"s":[100],"e":[0]},{"t":15}],"ix":11},"r":{"a":0,"k":0,"ix":10},"p":{"a":1,"k":[{"i":{"x":0.78,"y":1},"o":{"x":0.22,"y":0},"n":"0p78_1_0p22_0","t":7,"s":[18.058,8.413,0],"e":[22.45,5.8,0],"to":[0.73193460702896,-0.43551671504974,0],"ti":[-0.73193460702896,0.43551671504974,0]},{"t":15}],"ix":2},"a":{"a":0,"k":[1.049,1.049,0],"ix":1},"s":{"a":0,"k":[100,100,100],"ix":6}},"ao":0,"shapes":[{"ty":"gr","it":[{"ind":0,"ty":"sh","ix":1,"ks":{"a":0,"k":{"i":[[0,-0.441],[0.442,0],[0,0.441],[-0.441,0]],"o":[[0,0.441],[-0.441,0],[0,-0.441],[0.442,0]],"v":[[0.799,0],[0,0.799],[-0.799,0],[0,-0.799]],"c":true},"ix":2},"nm":"路径 1","mn":"ADBE Vector Shape - Group","hd":false},{"ty":"fl","c":{"a":0,"k":[0.31617901372,0.817631081974,0.987331495098,1],"ix":4},"o":{"a":0,"k":100,"ix":5},"r":1,"nm":"填充 1","mn":"ADBE Vector Graphic - Fill","hd":false},{"ty":"tr","p":{"a":0,"k":[1.049,1.049],"ix":2},"a":{"a":0,"k":[0,0],"ix":1},"s":{"a":0,"k":[100,100],"ix":3},"r":{"a":0,"k":0,"ix":6},"o":{"a":0,"k":100,"ix":7},"sk":{"a":0,"k":0,"ix":4},"sa":{"a":0,"k":0,"ix":5},"nm":"变换"}],"nm":"组 1","np":2,"cix":2,"ix":1,"mn":"ADBE Vector Group","hd":false}],"ip":7,"op":22,"st":7,"bm":0},{"ddd":0,"ind":3,"ty":4,"nm":"7","sr":1,"ks":{"o":{"a":1,"k":[{"i":{"x":[0.78],"y":[1]},"o":{"x":[0.22],"y":[0]},"n":["0p78_1_0p22_0"],"t":7,"s":[0],"e":[100]},{"i":{"x":[0.78],"y":[1]},"o":{"x":[0.22],"y":[0]},"n":["0p78_1_0p22_0"],"t":9,"s":[100],"e":[100]},{"i":{"x":[0.78],"y":[1]},"o":{"x":[0.22],"y":[0]},"n":["0p78_1_0p22_0"],"t":12,"s":[100],"e":[0]},{"t":15}],"ix":11},"r":{"a":0,"k":0,"ix":10},"p":{"a":1,"k":[{"i":{"x":0.78,"y":1},"o":{"x":0.22,"y":0},"n":"0p78_1_0p22_0","t":7,"s":[7.848,8.601,0],"e":[4.75,6.05,0],"to":[-0.51641541719437,-0.42510002851486,0],"ti":[0.51641541719437,0.42510002851486,0]},{"t":15}],"ix":2},"a":{"a":0,"k":[1.049,1.049,0],"ix":1},"s":{"a":0,"k":[100,100,100],"ix":6}},"ao":0,"shapes":[{"ty":"gr","it":[{"ind":0,"ty":"sh","ix":1,"ks":{"a":0,"k":{"i":[[0,-0.441],[0.442,0],[0,0.441],[-0.441,0]],"o":[[0,0.441],[-0.441,0],[0,-0.441],[0.442,0]],"v":[[0.799,0],[0,0.799],[-0.799,0],[0,-0.799]],"c":true},"ix":2},"nm":"路径 1","mn":"ADBE Vector Shape - Group","hd":false},{"ty":"fl","c":{"a":0,"k":[0.31617901372,0.817631081974,0.987331495098,1],"ix":4},"o":{"a":0,"k":100,"ix":5},"r":1,"nm":"填充 1","mn":"ADBE Vector Graphic - Fill","hd":false},{"ty":"tr","p":{"a":0,"k":[1.049,1.049],"ix":2},"a":{"a":0,"k":[0,0],"ix":1},"s":{"a":0,"k":[100,100],"ix":3},"r":{"a":0,"k":0,"ix":6},"o":{"a":0,"k":100,"ix":7},"sk":{"a":0,"k":0,"ix":4},"sa":{"a":0,"k":0,"ix":5},"nm":"变换"}],"nm":"组 1","np":2,"cix":2,"ix":1,"mn":"ADBE Vector Group","hd":false}],"ip":7,"op":22,"st":7,"bm":0},{"ddd":0,"ind":4,"ty":4,"nm":"6","sr":1,"ks":{"o":{"a":1,"k":[{"i":{"x":[0.78],"y":[1]},"o":{"x":[0.22],"y":[0]},"n":["0p78_1_0p22_0"],"t":7,"s":[0],"e":[100]},{"i":{"x":[0.78],"y":[1]},"o":{"x":[0.22],"y":[0]},"n":["0p78_1_0p22_0"],"t":9,"s":[100],"e":[100]},{"i":{"x":[0.78],"y":[1]},"o":{"x":[0.22],"y":[0]},"n":["0p78_1_0p22_0"],"t":12,"s":[100],"e":[0]},{"t":15}],"ix":11},"r":{"a":0,"k":0,"ix":10},"p":{"a":1,"k":[{"i":{"x":0.78,"y":1},"o":{"x":0.22,"y":0},"n":"0p78_1_0p22_0","t":7,"s":[13.125,20.947,0],"e":[13,24.475,0],"to":[-0.02086663246155,0.58803331851959,0],"ti":[0.02086663246155,-0.58803331851959,0]},{"t":15}],"ix":2},"a":{"a":0,"k":[1.41,1.41,0],"ix":1},"s":{"a":0,"k":[100,100,100],"ix":6}},"ao":0,"shapes":[{"ty":"gr","it":[{"ind":0,"ty":"sh","ix":1,"ks":{"a":0,"k":{"i":[[0,-0.64],[0.64,0],[0,0.641],[-0.641,0]],"o":[[0,0.641],[-0.641,0],[0,-0.64],[0.64,0]],"v":[[1.16,-0.001],[0,1.16],[-1.16,-0.001],[0,-1.16]],"c":true},"ix":2},"nm":"路径 1","mn":"ADBE Vector Shape - Group","hd":false},{"ty":"fl","c":{"a":0,"k":[0.31617901372,0.817631081974,0.987331495098,1],"ix":4},"o":{"a":0,"k":100,"ix":5},"r":1,"nm":"填充 1","mn":"ADBE Vector Graphic - Fill","hd":false},{"ty":"tr","p":{"a":0,"k":[1.41,1.41],"ix":2},"a":{"a":0,"k":[0,0],"ix":1},"s":{"a":0,"k":[100,100],"ix":3},"r":{"a":0,"k":0,"ix":6},"o":{"a":0,"k":100,"ix":7},"sk":{"a":0,"k":0,"ix":4},"sa":{"a":0,"k":0,"ix":5},"nm":"变换"}],"nm":"组 1","np":2,"cix":2,"ix":1,"mn":"ADBE Vector Group","hd":false}],"ip":7,"op":22,"st":7,"bm":0},{"ddd":0,"ind":5,"ty":4,"nm":"5","sr":1,"ks":{"o":{"a":1,"k":[{"i":{"x":[0.78],"y":[1]},"o":{"x":[0.22],"y":[0]},"n":["0p78_1_0p22_0"],"t":7,"s":[0],"e":[100]},{"i":{"x":[0.78],"y":[1]},"o":{"x":[0.22],"y":[0]},"n":["0p78_1_0p22_0"],"t":9,"s":[100],"e":[100]},{"i":{"x":[0.78],"y":[1]},"o":{"x":[0.22],"y":[0]},"n":["0p78_1_0p22_0"],"t":12,"s":[100],"e":[0]},{"t":15}],"ix":11},"r":{"a":0,"k":0,"ix":10},"p":{"a":1,"k":[{"i":{"x":0.78,"y":1},"o":{"x":0.22,"y":0},"n":"0p78_1_0p22_0","t":7,"s":[17.623,15.945,0],"e":[23.5,19.2,0],"to":[0.97942638397217,0.54252362251282,0],"ti":[-0.97942638397217,-0.54252362251282,0]},{"t":15}],"ix":2},"a":{"a":0,"k":[1.693,1.693,0],"ix":1},"s":{"a":0,"k":[100,100,100],"ix":6}},"ao":0,"shapes":[{"ty":"gr","it":[{"ind":0,"ty":"sh","ix":1,"ks":{"a":0,"k":{"i":[[0,-0.797],[0.796,0],[0,0.797],[-0.798,0]],"o":[[0,0.797],[-0.798,0],[0,-0.797],[0.796,0]],"v":[[1.443,0.001],[0.001,1.443],[-1.443,0.001],[0.001,-1.443]],"c":true},"ix":2},"nm":"路径 1","mn":"ADBE Vector Shape - Group","hd":false},{"ty":"fl","c":{"a":0,"k":[0.31617901372,0.817631081974,0.987331495098,1],"ix":4},"o":{"a":0,"k":100,"ix":5},"r":1,"nm":"填充 1","mn":"ADBE Vector Graphic - Fill","hd":false},{"ty":"tr","p":{"a":0,"k":[1.693,1.693],"ix":2},"a":{"a":0,"k":[0,0],"ix":1},"s":{"a":0,"k":[100,100],"ix":3},"r":{"a":0,"k":0,"ix":6},"o":{"a":0,"k":100,"ix":7},"sk":{"a":0,"k":0,"ix":4},"sa":{"a":0,"k":0,"ix":5},"nm":"变换"}],"nm":"组 1","np":2,"cix":2,"ix":1,"mn":"ADBE Vector Group","hd":false}],"ip":7,"op":22,"st":7,"bm":0},{"ddd":0,"ind":6,"ty":4,"nm":"4","sr":1,"ks":{"o":{"a":1,"k":[{"i":{"x":[0.78],"y":[1]},"o":{"x":[0.22],"y":[0]},"n":["0p78_1_0p22_0"],"t":7,"s":[0],"e":[100]},{"i":{"x":[0.78],"y":[1]},"o":{"x":[0.22],"y":[0]},"n":["0p78_1_0p22_0"],"t":9,"s":[100],"e":[100]},{"i":{"x":[0.78],"y":[1]},"o":{"x":[0.22],"y":[0]},"n":["0p78_1_0p22_0"],"t":12,"s":[100],"e":[0]},{"t":15}],"ix":11},"r":{"a":0,"k":0,"ix":10},"p":{"a":1,"k":[{"i":{"x":0.78,"y":1},"o":{"x":0.22,"y":0},"n":"0p78_1_0p22_0","t":7,"s":[7.657,16.976,0],"e":[2.5,19.2,0],"to":[-0.85951542854309,0.37064862251282,0],"ti":[0.85951542854309,-0.37064862251282,0]},{"t":15}],"ix":2},"a":{"a":0,"k":[1.693,1.693,0],"ix":1},"s":{"a":0,"k":[100,100,100],"ix":6}},"ao":0,"shapes":[{"ty":"gr","it":[{"ind":0,"ty":"sh","ix":1,"ks":{"a":0,"k":{"i":[[0,-0.797],[0.797,0],[0,0.797],[-0.797,0]],"o":[[0,0.797],[-0.797,0],[0,-0.797],[0.797,0]],"v":[[1.443,0.001],[0,1.443],[-1.443,0.001],[0,-1.443]],"c":true},"ix":2},"nm":"路径 1","mn":"ADBE Vector Shape - Group","hd":false},{"ty":"fl","c":{"a":0,"k":[0.31617901372,0.817631081974,0.987331495098,1],"ix":4},"o":{"a":0,"k":100,"ix":5},"r":1,"nm":"填充 1","mn":"ADBE Vector Graphic - Fill","hd":false},{"ty":"tr","p":{"a":0,"k":[1.693,1.693],"ix":2},"a":{"a":0,"k":[0,0],"ix":1},"s":{"a":0,"k":[100,100],"ix":3},"r":{"a":0,"k":0,"ix":6},"o":{"a":0,"k":100,"ix":7},"sk":{"a":0,"k":0,"ix":4},"sa":{"a":0,"k":0,"ix":5},"nm":"变换"}],"nm":"组 1","np":2,"cix":2,"ix":1,"mn":"ADBE Vector Group","hd":false}],"ip":7,"op":22,"st":7,"bm":0},{"ddd":0,"ind":7,"ty":4,"nm":"3","sr":1,"ks":{"o":{"a":1,"k":[{"i":{"x":[0.78],"y":[1]},"o":{"x":[0.22],"y":[0]},"n":["0p78_1_0p22_0"],"t":7,"s":[0],"e":[100]},{"i":{"x":[0.78],"y":[1]},"o":{"x":[0.22],"y":[0]},"n":["0p78_1_0p22_0"],"t":9,"s":[100],"e":[100]},{"i":{"x":[0.78],"y":[1]},"o":{"x":[0.22],"y":[0]},"n":["0p78_1_0p22_0"],"t":12,"s":[100],"e":[0]},{"t":15}],"ix":11},"r":{"a":0,"k":0,"ix":10},"p":{"a":1,"k":[{"i":{"x":0.78,"y":1},"o":{"x":0.22,"y":0},"n":"0p78_1_0p22_0","t":7,"s":[6.317,5.249,0],"e":[2.005,1.812,0],"to":[-0.71875,-0.57291668653488,0],"ti":[0.71875,0.57291668653488,0]},{"t":15}],"ix":2},"a":{"a":0,"k":[1.746,1.746,0],"ix":1},"s":{"a":0,"k":[100,100,100],"ix":6}},"ao":0,"shapes":[{"ty":"gr","it":[{"ind":0,"ty":"sh","ix":1,"ks":{"a":0,"k":{"i":[[0,-0.826],[0.826,0],[0,0.826],[-0.826,0]],"o":[[0,0.826],[-0.826,0],[0,-0.826],[0.826,0]],"v":[[1.496,0],[0,1.496],[-1.496,0],[0,-1.496]],"c":true},"ix":2},"nm":"路径 1","mn":"ADBE Vector Shape - Group","hd":false},{"ty":"fl","c":{"a":0,"k":[0.31617901372,0.817631081974,0.987331495098,1],"ix":4},"o":{"a":0,"k":100,"ix":5},"r":1,"nm":"填充 1","mn":"ADBE Vector Graphic - Fill","hd":false},{"ty":"tr","p":{"a":0,"k":[1.746,1.746],"ix":2},"a":{"a":0,"k":[0,0],"ix":1},"s":{"a":0,"k":[100,100],"ix":3},"r":{"a":0,"k":0,"ix":6},"o":{"a":0,"k":100,"ix":7},"sk":{"a":0,"k":0,"ix":4},"sa":{"a":0,"k":0,"ix":5},"nm":"变换"}],"nm":"组 1","np":2,"cix":2,"ix":1,"mn":"ADBE Vector Group","hd":false}],"ip":7,"op":22,"st":7,"bm":0},{"ddd":0,"ind":8,"ty":4,"nm":"2","sr":1,"ks":{"o":{"a":1,"k":[{"i":{"x":[0.78],"y":[1]},"o":{"x":[0.22],"y":[0]},"n":["0p78_1_0p22_0"],"t":7,"s":[0],"e":[100]},{"i":{"x":[0.78],"y":[1]},"o":{"x":[0.22],"y":[0]},"n":["0p78_1_0p22_0"],"t":9,"s":[100],"e":[100]},{"i":{"x":[0.78],"y":[1]},"o":{"x":[0.22],"y":[0]},"n":["0p78_1_0p22_0"],"t":12,"s":[100],"e":[0]},{"t":15}],"ix":11},"r":{"a":0,"k":0,"ix":10},"p":{"a":1,"k":[{"i":{"x":0.78,"y":1},"o":{"x":0.22,"y":0},"n":"0p78_1_0p22_0","t":7,"s":[19.532,5.783,0],"e":[23.1,2.8,0],"to":[0.59472489356995,-0.49720004200935,0],"ti":[-0.59472489356995,0.49720004200935,0]},{"t":15}],"ix":2},"a":{"a":0,"k":[1.587,1.586,0],"ix":1},"s":{"a":0,"k":[100,100,100],"ix":6}},"ao":0,"shapes":[{"ty":"gr","it":[{"ind":0,"ty":"sh","ix":1,"ks":{"a":0,"k":{"i":[[0,-0.738],[0.738,0],[0,0.738],[-0.737,0]],"o":[[0,0.738],[-0.737,0],[0,-0.738],[0.738,0]],"v":[[1.337,0],[-0.001,1.336],[-1.337,0],[-0.001,-1.336]],"c":true},"ix":2},"nm":"路径 1","mn":"ADBE Vector Shape - Group","hd":false},{"ty":"fl","c":{"a":0,"k":[0.31617901372,0.817631081974,0.987331495098,1],"ix":4},"o":{"a":0,"k":100,"ix":5},"r":1,"nm":"填充 1","mn":"ADBE Vector Graphic - Fill","hd":false},{"ty":"tr","p":{"a":0,"k":[1.587,1.586],"ix":2},"a":{"a":0,"k":[0,0],"ix":1},"s":{"a":0,"k":[100,100],"ix":3},"r":{"a":0,"k":0,"ix":6},"o":{"a":0,"k":100,"ix":7},"sk":{"a":0,"k":0,"ix":4},"sa":{"a":0,"k":0,"ix":5},"nm":"变换"}],"nm":"组 1","np":2,"cix":2,"ix":1,"mn":"ADBE Vector Group","hd":false}],"ip":7,"op":22,"st":7,"bm":0},{"ddd":0,"ind":9,"ty":4,"nm":"1","sr":1,"ks":{"o":{"a":1,"k":[{"i":{"x":[0.833],"y":[0.833]},"o":{"x":[0.167],"y":[0.167]},"n":["0p833_0p833_0p167_0p167"],"t":7,"s":[0],"e":[100]},{"i":{"x":[0.833],"y":[0.833]},"o":{"x":[0.167],"y":[0.167]},"n":["0p833_0p833_0p167_0p167"],"t":8,"s":[100],"e":[100]},{"i":{"x":[0.833],"y":[0.833]},"o":{"x":[0.167],"y":[0.167]},"n":["0p833_0p833_0p167_0p167"],"t":23,"s":[100],"e":[0]},{"t":28}],"ix":11},"r":{"a":0,"k":0,"ix":10},"p":{"a":0,"k":[13,12.543,0],"ix":2},"a":{"a":0,"k":[10.894,10.455,0],"ix":1},"s":{"a":1,"k":[{"i":{"x":[0.78,0.78,0.78],"y":[1,1,1]},"o":{"x":[0.22,0.22,0.22],"y":[0,0,0]},"n":["0p78_1_0p22_0","0p78_1_0p22_0","0p78_1_0p22_0"],"t":7,"s":[22,22,100],"e":[120,120,100]},{"i":{"x":[0.78,0.78,0.78],"y":[1,1,1]},"o":{"x":[0.22,0.22,0.22],"y":[0,0,0]},"n":["0p78_1_0p22_0","0p78_1_0p22_0","0p78_1_0p22_0"],"t":11,"s":[120,120,100],"e":[90,90,100]},{"i":{"x":[0.78,0.78,0.78],"y":[1,1,1]},"o":{"x":[0.22,0.22,0.22],"y":[0,0,0]},"n":["0p78_1_0p22_0","0p78_1_0p22_0","0p78_1_0p22_0"],"t":15,"s":[90,90,100],"e":[100,100,100]},{"i":{"x":[0.833,0.833,0.833],"y":[1,1,1]},"o":{"x":[0.22,0.22,0.22],"y":[0,0,0]},"n":["0p833_1_0p22_0","0p833_1_0p22_0","0p833_1_0p22_0"],"t":19,"s":[100,100,100],"e":[100,100,100]},{"i":{"x":[0.833,0.833,0.833],"y":[1,1,1]},"o":{"x":[0.167,0.167,0.167],"y":[0,0,0]},"n":["0p833_1_0p167_0","0p833_1_0p167_0","0p833_1_0p167_0"],"t":23,"s":[100,100,100],"e":[0,0,100]},{"t":28}],"ix":6}},"ao":0,"shapes":[{"ty":"gr","it":[{"ind":0,"ty":"sh","ix":1,"ks":{"a":0,"k":{"i":[[0.256,-0.112],[0,0],[0.221,0.506],[-0.017,0.171],[0,0],[0.185,0.208],[0,0],[-0.413,0.367],[-0.167,0.036],[0,0],[-0.141,0.24],[0,0],[-0.476,-0.279],[-0.087,-0.148],[0,0],[-0.273,-0.059],[0,0],[0.118,-0.539],[0.114,-0.128],[0,0],[-0.028,-0.278],[0,0],[0.549,-0.055],[0.157,0.069],[0,0]],"o":[[0,0],[-0.506,0.222],[-0.069,-0.157],[0,0],[0.027,-0.278],[0,0],[-0.368,-0.412],[0.128,-0.114],[0,0],[0.272,-0.059],[0,0],[0.279,-0.477],[0.149,0.087],[0,0],[0.142,0.24],[0,0],[0.54,0.118],[-0.037,0.168],[0,0],[-0.186,0.208],[0,0],[0.055,0.55],[-0.171,0.016],[0,0],[-0.256,-0.112]],"v":[[-0.391,7.752],[-5.479,9.981],[-6.796,9.467],[-6.874,8.967],[-6.326,3.44],[-6.574,2.677],[-10.266,-1.473],[-10.184,-2.884],[-9.734,-3.114],[-4.307,-4.301],[-3.658,-4.772],[-0.854,-9.566],[0.514,-9.924],[0.874,-9.566],[3.678,-4.772],[4.327,-4.301],[9.753,-3.114],[10.516,-1.924],[10.286,-1.473],[6.594,2.677],[6.346,3.44],[6.895,8.967],[5.999,10.061],[5.499,9.981],[0.411,7.752]],"c":true},"ix":2},"nm":"路径 1","mn":"ADBE Vector Shape - Group","hd":false},{"ty":"gf","o":{"a":0,"k":100,"ix":10},"r":1,"g":{"p":3,"k":{"a":0,"k":[0,0.337,0.912,1,0.5,0.238,0.734,0.992,1,0.138,0.556,0.985],"ix":9}},"s":{"a":0,"k":[-11,-10],"ix":5},"e":{"a":0,"k":[10,10],"ix":6},"t":1,"nm":"glinte","mn":"ADBE Vector Graphic - G-Fill","hd":false},{"ty":"tr","p":{"a":0,"k":[10.884,10.453],"ix":2},"a":{"a":0,"k":[0,0],"ix":1},"s":{"a":0,"k":[100,100],"ix":3},"r":{"a":0,"k":0,"ix":6},"o":{"a":0,"k":100,"ix":7},"sk":{"a":0,"k":0,"ix":4},"sa":{"a":0,"k":0,"ix":5},"nm":"变换"}],"nm":"组 1","np":2,"cix":2,"ix":1,"mn":"ADBE Vector Group","hd":false}],"ip":7,"op":28,"st":7,"bm":0}],"markers":[]}