{"v":"5.4.3","fr":29.9700012207031,"ip":0,"op":300.00001221925,"w":1000,"h":1000,"nm":"컴포지션 1","ddd":1,"assets":[],"fonts":{"list":[{"fName":"TmonMonsoriBlack","fFamily":"TmonMonsori","fStyle":"Black","ascent":87.0996827483177}]},"layers":[{"ddd":0,"ind":1,"ty":5,"nm":"이제 화면을 터치해보자","sr":1,"ks":{"o":{"a":1,"k":[{"i":{"x":[0.833],"y":[0.833]},"o":{"x":[0.167],"y":[0.167]},"n":["0p833_0p833_0p167_0p167"],"t":241,"s":[0],"e":[100]},{"t":270.000010997325}],"ix":11},"r":{"a":0,"k":0,"ix":10},"p":{"a":0,"k":[500,500,0],"ix":2},"a":{"a":0,"k":[347.793,-22.932,0],"ix":1},"s":{"a":0,"k":[100,100,100],"ix":6}},"ao":0,"t":{"d":{"k":[{"s":{"s":72,"f":"TmonMonsoriBlack","t":"이제 화면을 터치해보자","j":0,"tr":0,"lh":86.4,"ls":0,"fc":[1,1,1],"sc":[1,1,1],"sw":1,"of":true},"t":0}]},"p":{},"m":{"g":1,"a":{"a":0,"k":[0,0],"ix":2}},"a":[]},"ip":0,"op":300.00001221925,"st":0,"bm":0},{"ddd":0,"ind":2,"ty":5,"nm":"당신의 꿀팁을 공유해보자","sr":1,"ks":{"o":{"a":1,"k":[{"i":{"x":[0.833],"y":[0.851]},"o":{"x":[0.167],"y":[0.149]},"n":["0p833_0p851_0p167_0p149"],"t":141,"s":[0],"e":[99]},{"i":{"x":[0.589],"y":[-0.836]},"o":{"x":[0.162],"y":[0]},"n":["0p589_-0p836_0p162_0"],"t":175,"s":[99],"e":[84.704]},{"i":{"x":[0.828],"y":[1]},"o":{"x":[0.421],"y":[0.272]},"n":["0p828_1_0p421_0p272"],"t":210,"s":[84.704],"e":[0]},{"t":240.0000097754}],"ix":11},"r":{"a":0,"k":0,"ix":10},"p":{"a":0,"k":[500,500,0],"ix":2},"a":{"a":0,"k":[204.91,21.96,0],"ix":1},"s":{"a":0,"k":[100,100,100],"ix":6}},"ao":0,"t":{"d":{"k":[{"s":{"s":72,"f":"TmonMonsoriBlack","t":"당신의 꿀팁을\r공유해보자","j":0,"tr":0,"lh":86.4000015258789,"ls":0,"fc":[1,1,1]},"t":0}]},"p":{},"m":{"g":1,"a":{"a":0,"k":[0,0],"ix":2}},"a":[{"nm":"애니메이터 1","s":{"t":0,"xe":{"a":0,"k":0,"ix":7},"ne":{"a":0,"k":0,"ix":8},"a":{"a":0,"k":100,"ix":4},"b":1,"rn":0,"sh":1,"r":1},"a":{"fc":{"a":1,"k":[{"i":{"x":[0.833],"y":[-23.136]},"o":{"x":[0.167],"y":[0]},"n":["0p833_-23p136_0p167_0"],"t":141,"s":[1,1,1,1],"e":[1,1,1,1]},{"i":{"x":[0.833],"y":[3.44]},"o":{"x":[0.167],"y":[-0.163]},"n":["0p833_3p44_0p167_-0p163"],"t":183,"s":[1,1,1,1],"e":[0.958431243896,0.392941236496,1,1]},{"i":{"x":[0.833],"y":[0.833]},"o":{"x":[0.167],"y":[0.167]},"n":["0p833_0p833_0p167_0p167"],"t":186,"s":[0.958431243896,0.392941236496,1,1],"e":[0,1,0,1]},{"i":{"x":[0.833],"y":[0.833]},"o":{"x":[0.167],"y":[0.167]},"n":["0p833_0p833_0p167_0p167"],"t":189,"s":[0,1,0,1],"e":[1,0,0.05725492537,1]},{"i":{"x":[0.833],"y":[0.833]},"o":{"x":[0.167],"y":[0.167]},"n":["0p833_0p833_0p167_0p167"],"t":192,"s":[1,0,0.05725492537,1],"e":[1,0.970196068287,0.05725492537,1]},{"i":{"x":[0.833],"y":[0.833]},"o":{"x":[0.167],"y":[0.167]},"n":["0p833_0p833_0p167_0p167"],"t":194,"s":[1,0.970196068287,0.05725492537,1],"e":[1,1,1,1]},{"t":197.000008023974}],"ix":12}}}]},"ip":0,"op":300.00001221925,"st":0,"bm":0},{"ddd":1,"ind":3,"ty":5,"nm":"혼자알기 너무 아깝다.","sr":1,"ks":{"o":{"a":1,"k":[{"i":{"x":[0.833],"y":[0.833]},"o":{"x":[0.167],"y":[0.167]},"n":["0p833_0p833_0p167_0p167"],"t":47,"s":[0],"e":[100]},{"t":75.0000030548126}],"ix":11},"rx":{"a":0,"k":0,"ix":8},"ry":{"a":0,"k":0,"ix":9},"rz":{"a":0,"k":0,"ix":10},"or":{"a":0,"k":[0,0,0],"ix":7},"p":{"a":1,"k":[{"i":{"x":0.833,"y":0.833},"o":{"x":0.167,"y":0.167},"n":"0p833_0p833_0p167_0p167","t":47,"s":[224.678,533.339,-1048],"e":[224.678,533.339,-1136],"to":[0,0,-14.6666669845581],"ti":[0,0,14.6666669845581]},{"i":{"x":0.833,"y":0.833},"o":{"x":0.167,"y":0.167},"n":"0p833_0p833_0p167_0p167","t":75,"s":[224.678,533.339,-1136],"e":[224.678,533.339,-1136],"to":[0,0,0],"ti":[0,0,0]},{"t":96.0000039101602}],"ix":2},"a":{"a":0,"k":[0,0,-760],"ix":1},"s":{"a":0,"k":[100,100,100],"ix":6}},"ao":0,"t":{"d":{"k":[{"s":{"s":60,"f":"TmonMonsoriBlack","t":"혼자알기 너무 아깝다.","j":0,"tr":0,"lh":72,"ls":0,"fc":[1,1,1]},"t":0}]},"p":{},"m":{"g":1,"a":{"a":0,"k":[0,0],"ix":2}},"a":[{"nm":"애니메이터 1","s":{"t":0,"xe":{"a":0,"k":0,"ix":7},"ne":{"a":0,"k":0,"ix":8},"a":{"a":0,"k":100,"ix":4},"b":1,"rn":0,"sh":2,"o":{"a":1,"k":[{"i":{"x":[1],"y":[1]},"o":{"x":[1],"y":[0]},"n":["1_1_1_0"],"t":83,"s":[0],"e":[-100]},{"t":120.0000048877}],"ix":3},"r":1},"a":{"p":{"a":1,"k":[{"i":{"x":0.833,"y":0.833},"o":{"x":0.167,"y":0.167},"n":"0p833_0p833_0p167_0p167","t":89,"s":[0,0,0],"e":[0,-480,0],"to":[0,-80,0],"ti":[0,80,0]},{"t":120.0000048877}],"ix":2}}}]},"ip":0,"op":300.00001221925,"st":0,"bm":0},{"ddd":1,"ind":4,"ty":5,"nm":"당신만 알고 있는 생활의 꿀팁","sr":1,"ks":{"o":{"a":0,"k":100,"ix":11},"rx":{"a":0,"k":0,"ix":8},"ry":{"a":0,"k":0,"ix":9},"rz":{"a":0,"k":0,"ix":10},"or":{"a":1,"k":[{"i":{"x":0,"y":1},"o":{"x":0.167,"y":0},"n":"0_1_0p167_0","t":0,"s":[35.57,35.033,34.255],"e":[0.813,360,3.725],"to":[34.2548141479492,0,0],"ti":[360,0,0]},{"t":33.0000013441176}],"ix":7},"p":{"a":0,"k":[502,373.987,0],"ix":2},"a":{"a":0,"k":[355.856,-19.05,0],"ix":1},"s":{"a":1,"k":[{"i":{"x":[0.603,0.603,0.603],"y":[1.018,1.018,1.018]},"o":{"x":[1,1,1],"y":[-0.045,-0.045,-0.045]},"n":["0p603_1p018_1_-0p045","0p603_1p018_1_-0p045","0p603_1p018_1_-0p045"],"t":0,"s":[14656.42,14656.42,14656.42],"e":[126.42,126.42,126.42]},{"t":33.0000013441176}],"ix":6}},"ao":0,"t":{"d":{"k":[{"s":{"s":60,"f":"TmonMonsoriBlack","t":"당신만 알고 있는 생활의 꿀팁","j":0,"tr":0,"lh":72,"ls":0,"fc":[1,1,1]},"t":0}]},"p":{},"m":{"g":1,"a":{"a":0,"k":[0,0],"ix":2}},"a":[{"nm":"애니메이터 1","s":{"t":0,"xe":{"a":0,"k":0,"ix":7},"ne":{"a":0,"k":0,"ix":8},"a":{"a":0,"k":100,"ix":4},"b":1,"rn":0,"sh":3,"o":{"a":1,"k":[{"i":{"x":[1],"y":[1]},"o":{"x":[1],"y":[0]},"n":["1_1_1_0"],"t":76,"s":[0],"e":[77]},{"t":109.000004439661}],"ix":3},"r":1},"a":{"p":{"a":1,"k":[{"i":{"x":0.833,"y":0.833},"o":{"x":0.167,"y":0.167},"n":"0p833_0p833_0p167_0p167","t":89,"s":[0,0,0],"e":[0,770,0],"to":[0,128.33332824707,0],"ti":[0,-128.33332824707,0]},{"t":120.0000048877}],"ix":2}}}]},"ip":0,"op":300.00001221925,"st":0,"bm":0},{"ddd":0,"ind":5,"ty":1,"nm":"중간 옥색 단색 1","sr":1,"ks":{"o":{"a":0,"k":100,"ix":11},"r":{"a":0,"k":0,"ix":10},"p":{"a":0,"k":[500,500,0],"ix":2},"a":{"a":0,"k":[500,500,0],"ix":1},"s":{"a":0,"k":[100,100,100],"ix":6}},"ao":0,"hasMask":true,"masksProperties":[{"inv":true,"mode":"s","pt":{"a":0,"k":{"i":[[304.861,0],[0,-304.861],[-304.861,0],[0,304.861]],"o":[[-304.861,0],[0,304.861],[304.861,0],[0,-304.861]],"v":[[500,-40],[-52,512],[500,1064],[1052,512]],"c":true},"ix":1},"o":{"a":0,"k":100,"ix":3},"x":{"a":0,"k":0,"ix":4},"nm":"마스크 1"},{"inv":false,"mode":"a","pt":{"a":0,"k":{"i":[[0,0],[0,-0.552],[0,0],[0,0.552]],"o":[[0,0],[0,0.552],[0,0],[0,-0.552]],"v":[[1516,526],[1516,527],[1516,528],[1516,527]],"c":true},"ix":1},"o":{"a":0,"k":100,"ix":3},"x":{"a":0,"k":0,"ix":4},"nm":"마스크 2"}],"sw":1000,"sh":1000,"sc":"#93c8b5","ip":0,"op":300.00001221925,"st":0,"bm":0}],"markers":[],"chars":[{"ch":"당","size":60,"style":"Black","w":90.6,"data":{"shapes":[{"ty":"gr","it":[{"ind":0,"ty":"sh","ix":1,"ks":{"a":0,"k":{"i":[[0,0],[0,0],[0,0],[3,-0.533],[2.733,0],[0,0],[0,0],[0,0],[-0.967,0.867],[0,1.934],[0,0],[0,0],[0,0],[-0.967,-0.866],[-1.934,0],[0,0],[-3.4,0.534],[-2.534,1.334],[0,0],[0,0],[-1.4,1.234],[0,2.067],[0,0],[0,0],[-1.234,0.934],[0,2.067],[0,0],[0,0]],"o":[[0,0],[0,0],[-2.667,1.067],[-3.067,0.6],[0,0],[0,0],[0,0],[1.933,0],[0.966,-0.866],[0,0],[0,0],[0,0],[0,1.934],[0.966,0.867],[0,0],[2.733,0],[3.333,-0.533],[0,0],[0,0],[2.333,0],[1.4,-1.233],[0,0],[0,0],[2.2,0],[1.233,-0.933],[0,0],[0,0],[0,0]],"v":[[78.5,-75.3],[58.2,-75.3],[58.2,-45],[49.7,-42.6],[41,-41.7],[24.9,-41.7],[24.9,-59.6],[48.2,-59.6],[52.55,-60.9],[54,-65.1],[54,-75.1],[4.5,-75.1],[4.5,-31.6],[5.95,-27.4],[10.3,-26.1],[40.2,-26.1],[49.4,-26.9],[58.2,-29.7],[58.2,-24.9],[70.8,-24.9],[76.4,-26.75],[78.5,-31.7],[78.5,-42.3],[84.7,-42.3],[89.85,-43.7],[91.7,-48.2],[91.7,-59.6],[78.5,-59.6]],"c":true},"ix":2},"nm":"당","mn":"ADBE Vector Shape - Group","hd":false},{"ind":1,"ty":"sh","ix":2,"ks":{"a":0,"k":{"i":[[0,0],[3.166,2.5],[4.733,0],[0,0],[3.2,-2.5],[0,-4.666],[0,0],[-3.2,-2.5],[-4.667,0],[0,0],[-3.167,2.5],[0,4.666]],"o":[[0,-4.666],[-3.167,-2.5],[0,0],[-4.667,0],[-3.2,2.5],[0,0],[0,4.666],[3.2,2.5],[0,0],[4.733,0],[3.166,-2.5],[0,0]],"v":[[80.2,-8.1],[75.45,-18.85],[63.6,-22.6],[21,-22.6],[9.2,-18.85],[4.4,-8.1],[4.4,2.5],[9.2,13.25],[21,17],[63.6,17],[75.45,13.25],[80.2,2.5]],"c":true},"ix":2},"nm":"당","mn":"ADBE Vector Shape - Group","hd":false},{"ind":2,"ty":"sh","ix":3,"ks":{"a":0,"k":{"i":[[0,0],[0.6,-0.666],[2.133,0],[0,0],[0.633,0.666],[0,1.067],[0,0],[-0.634,0.667],[-2.067,0],[0,0],[-0.6,-0.666],[0,-1.066]],"o":[[0,1.067],[-0.6,0.666],[0,0],[-2.067,0],[-0.634,-0.666],[0,0],[0,-1.066],[0.633,-0.666],[0,0],[2.133,0],[0.6,0.667],[0,0]],"v":[[59.8,-2.6],[58.9,0],[54.8,1],[29.8,1],[25.75,0],[24.8,-2.6],[24.8,-3.3],[25.75,-5.9],[29.8,-6.9],[54.8,-6.9],[58.9,-5.9],[59.8,-3.3]],"c":true},"ix":2},"nm":"당","mn":"ADBE Vector Shape - Group","hd":false}],"nm":"당","np":6,"cix":2,"bm":0,"ix":1,"mn":"ADBE Vector Group","hd":false}]},"fFamily":"TmonMonsori"},{"ch":"신","size":60,"style":"Black","w":90.6,"data":{"shapes":[{"ty":"gr","it":[{"ind":0,"ty":"sh","ix":1,"ks":{"a":0,"k":{"i":[[-5.734,-2.6],[-4.867,-0.066],[0,0],[3.6,3.867],[0,9.6],[0,0],[0,0],[0,0],[3.7,-3.866],[4.2,-0.466],[0,0],[-5.834,2.6],[-2.067,3.8]],"o":[[5.733,2.6],[0,0],[-4.267,-0.466],[-3.6,-3.866],[0,0],[0,0],[0,0],[0,9.6],[-3.7,3.867],[0,0],[4.866,-0.066],[5.833,-2.6],[1.933,3.8]],"v":[[42.7,-24.3],[58.6,-20.3],[58.6,-36.7],[46.8,-43.2],[41.4,-63.4],[41.4,-75.4],[20.7,-75.4],[20.7,-63.4],[15.15,-43.2],[3.3,-36.7],[3.3,-20.3],[19.35,-24.3],[31.2,-33.9]],"c":true},"ix":2},"nm":"신","mn":"ADBE Vector Shape - Group","hd":false},{"ind":1,"ty":"sh","ix":2,"ks":{"a":0,"k":{"i":[[0,0],[0,0],[0,0],[0,0],[-1.4,1.234],[0,2.067]],"o":[[0,0],[0,0],[0,0],[2.333,0],[1.4,-1.233],[0,0]],"v":[[82.8,-75.3],[62.5,-75.3],[62.5,-10.4],[75.1,-10.4],[80.7,-12.25],[82.8,-17.2]],"c":true},"ix":2},"nm":"신","mn":"ADBE Vector Shape - Group","hd":false},{"ind":2,"ty":"sh","ix":3,"ks":{"a":0,"k":{"i":[[0,0],[-1.2,1.1],[0,2],[0,0],[0,0],[0,0],[0,0],[0,0],[-1.167,-1.1],[-2.067,0]],"o":[[2.066,0],[1.2,-1.1],[0,0],[0,0],[0,0],[0,0],[0,0],[0,2],[1.166,1.1],[0,0]],"v":[[76.4,16.6],[81.3,14.95],[83.1,10.3],[83.1,1],[31.7,1],[31.7,-18],[11.3,-18],[11.3,10.3],[13.05,14.95],[17.9,16.6]],"c":true},"ix":2},"nm":"신","mn":"ADBE Vector Shape - Group","hd":false}],"nm":"신","np":6,"cix":2,"bm":0,"ix":1,"mn":"ADBE Vector Group","hd":false}]},"fFamily":"TmonMonsori"},{"ch":"만","size":60,"style":"Black","w":90.6,"data":{"shapes":[{"ty":"gr","it":[{"ind":0,"ty":"sh","ix":1,"ks":{"a":0,"k":{"i":[[0,0],[0,0],[0,0],[0,0]],"o":[[0,0],[0,0],[0,0],[0,0]],"v":[[24.9,-59.5],[33.6,-59.5],[33.6,-37.1],[24.9,-37.1]],"c":true},"ix":2},"nm":"만","mn":"ADBE Vector Shape - Group","hd":false},{"ind":1,"ty":"sh","ix":2,"ks":{"a":0,"k":{"i":[[0,0],[-0.967,-0.866],[-1.934,0],[0,0],[-0.967,0.867],[0,1.934],[0,0],[0,0]],"o":[[0,1.934],[0.966,0.867],[0,0],[1.933,0],[0.966,-0.866],[0,0],[0,0],[0,0]],"v":[[4.5,-27],[5.95,-22.8],[10.3,-21.5],[48.1,-21.5],[52.45,-22.8],[53.9,-27],[53.9,-75.1],[4.5,-75.1]],"c":true},"ix":2},"nm":"만","mn":"ADBE Vector Shape - Group","hd":false},{"ind":2,"ty":"sh","ix":3,"ks":{"a":0,"k":{"i":[[0,0],[0,0],[0,0],[0,0],[-1.4,1.234],[0,2.067],[0,0],[0,0],[-1.234,0.934],[0,2.067],[0,0],[0,0]],"o":[[0,0],[0,0],[0,0],[2.333,0],[1.4,-1.233],[0,0],[0,0],[2.2,0],[1.233,-0.933],[0,0],[0,0],[0,0]],"v":[[78.5,-75.3],[58.2,-75.3],[58.2,-8.9],[70.8,-8.9],[76.4,-10.75],[78.5,-15.7],[78.5,-38.4],[84.7,-38.4],[89.85,-39.8],[91.7,-44.3],[91.7,-55.7],[78.5,-55.7]],"c":true},"ix":2},"nm":"만","mn":"ADBE Vector Shape - Group","hd":false},{"ind":3,"ty":"sh","ix":4,"ks":{"a":0,"k":{"i":[[0,0],[-1.2,1.1],[0,2],[0,0],[0,0],[0,0],[0,0],[0,0],[-1.167,-1.1],[-2.067,0]],"o":[[2.066,0],[1.2,-1.1],[0,0],[0,0],[0,0],[0,0],[0,0],[0,2],[1.166,1.1],[0,0]],"v":[[72.2,16.6],[77.1,14.95],[78.9,10.3],[78.9,1],[27.5,1],[27.5,-18],[7.1,-18],[7.1,10.3],[8.85,14.95],[13.7,16.6]],"c":true},"ix":2},"nm":"만","mn":"ADBE Vector Shape - Group","hd":false}],"nm":"만","np":7,"cix":2,"bm":0,"ix":1,"mn":"ADBE Vector Group","hd":false}]},"fFamily":"TmonMonsori"},{"ch":" ","size":60,"style":"Black","w":25.6,"data":{},"fFamily":"TmonMonsori"},{"ch":"알","size":60,"style":"Black","w":90.6,"data":{"shapes":[{"ty":"gr","it":[{"ind":0,"ty":"sh","ix":1,"ks":{"a":0,"k":{"i":[[0,0],[-2.734,-2.9],[-4.667,0],[0,0],[-2.734,2.9],[0,4.667],[0,0],[2.733,2.867],[4.666,0],[0,0],[2.733,-2.866],[0,-4.733]],"o":[[0,4.667],[2.733,2.9],[0,0],[4.666,0],[2.733,-2.9],[0,0],[0,-4.733],[-2.734,-2.866],[0,0],[-4.667,0],[-2.734,2.867],[0,0]],"v":[[2.7,-46.5],[6.8,-35.15],[17.9,-30.8],[39.4,-30.8],[50.5,-35.15],[54.6,-46.5],[54.6,-59.9],[50.5,-71.3],[39.4,-75.6],[17.9,-75.6],[6.8,-71.3],[2.7,-59.9]],"c":true},"ix":2},"nm":"알","mn":"ADBE Vector Shape - Group","hd":false},{"ind":1,"ty":"sh","ix":2,"ks":{"a":0,"k":{"i":[[0,0],[-0.667,0.6],[-1.067,0],[0,0],[-0.667,-0.6],[0,-2.133],[0,0],[0.666,-0.633],[1.066,0],[0,0],[0.666,0.634],[0,2.067]],"o":[[0,-2.133],[0.666,-0.6],[0,0],[1.066,0],[0.666,0.6],[0,0],[0,2.067],[-0.667,0.634],[0,0],[-1.067,0],[-0.667,-0.633],[0,0]],"v":[[23,-54.8],[24,-58.9],[26.6,-59.8],[30.7,-59.8],[33.3,-58.9],[34.3,-54.8],[34.3,-51.6],[33.3,-47.55],[30.7,-46.6],[26.6,-46.6],[24,-47.55],[23,-51.6]],"c":true},"ix":2},"nm":"알","mn":"ADBE Vector Shape - Group","hd":false},{"ind":2,"ty":"sh","ix":3,"ks":{"a":0,"k":{"i":[[0,0],[0,0],[0,0],[0,0],[-1.4,1.234],[0,2.067],[0,0],[0,0],[-1.234,0.934],[0,2.067],[0,0],[0,0]],"o":[[0,0],[0,0],[0,0],[2.333,0],[1.4,-1.233],[0,0],[0,0],[2.2,0],[1.233,-0.933],[0,0],[0,0],[0,0]],"v":[[78.5,-75.3],[58.2,-75.3],[58.2,-31],[70.8,-31],[76.4,-32.85],[78.5,-37.8],[78.5,-44.2],[84.7,-44.2],[89.85,-45.6],[91.7,-50.1],[91.7,-61.5],[78.5,-61.5]],"c":true},"ix":2},"nm":"알","mn":"ADBE Vector Shape - Group","hd":false},{"ind":3,"ty":"sh","ix":4,"ks":{"a":0,"k":{"i":[[0,0],[0,0],[0,0],[-0.9,-0.8],[-1.934,0],[0,0],[0,0],[0,0],[0,0],[-1,-0.9],[-1.934,0],[0,0],[-1,0.9],[0,1.933],[0,0],[0,0],[0,0],[0,0],[-0.9,0.8],[0,1.934]],"o":[[0,0],[0,0],[0,1.934],[0.9,0.8],[0,0],[0,0],[0,0],[0,0],[0,1.933],[1,0.9],[0,0],[1.933,0],[1,-0.9],[0,0],[0,0],[0,0],[0,0],[1.933,0],[0.9,-0.8],[0,0]],"v":[[78.6,-28.4],[5.9,-28.4],[5.9,-20.3],[7.25,-16.2],[11.5,-15],[58.2,-15],[58.2,-12.4],[6.1,-12.4],[6.1,11],[7.6,15.25],[12,16.6],[73.5,16.6],[77.9,15.25],[79.4,11],[79.4,3.1],[26.4,3.1],[26.4,0.4],[73,0.4],[77.25,-0.8],[78.6,-4.9]],"c":true},"ix":2},"nm":"알","mn":"ADBE Vector Shape - Group","hd":false}],"nm":"알","np":7,"cix":2,"bm":0,"ix":1,"mn":"ADBE Vector Group","hd":false}]},"fFamily":"TmonMonsori"},{"ch":"고","size":60,"style":"Black","w":90.6,"data":{"shapes":[{"ty":"gr","it":[{"ind":0,"ty":"sh","ix":1,"ks":{"a":0,"k":{"i":[[0,0],[-1.234,-1.133],[-1.6,0],[0,0],[0,0],[0.766,-5.366],[2.133,-4.4],[0,0],[-0.9,5.267],[0,4.867],[0,0],[0,0]],"o":[[0,1.934],[1.233,1.134],[0,0],[0,0],[0,4.4],[-0.767,5.367],[0,0],[2.066,-3.866],[0.9,-5.266],[0,0],[0,0],[0,0]],"v":[[7.3,-65.7],[9.15,-61.1],[13.4,-59.4],[63.1,-59.4],[63.1,-33.4],[61.95,-18.75],[57.6,-4.1],[77.5,-4.1],[81.95,-17.8],[83.3,-33],[83.3,-75],[7.4,-75]],"c":true},"ix":2},"nm":"고","mn":"ADBE Vector Shape - Group","hd":false},{"ind":1,"ty":"sh","ix":2,"ks":{"a":0,"k":{"i":[[0,0],[0,0],[-1.5,-1.334],[-2.267,0],[0,0],[-1.467,1.333],[0,2.266],[0,0],[0,0],[0,0],[0,0],[0,0]],"o":[[0,0],[0,2.266],[1.5,1.333],[0,0],[2.333,0],[1.466,-1.334],[0,0],[0,0],[0,0],[0,0],[0,0],[0,0]],"v":[[2.7,0.8],[2.7,8.9],[4.95,14.3],[10.6,16.3],[80,16.3],[85.7,14.3],[87.9,8.9],[87.9,0.8],[45.6,0.8],[45.6,-42.3],[25.3,-42.3],[25.3,0.8]],"c":true},"ix":2},"nm":"고","mn":"ADBE Vector Shape - Group","hd":false}],"nm":"고","np":5,"cix":2,"bm":0,"ix":1,"mn":"ADBE Vector Group","hd":false}]},"fFamily":"TmonMonsori"},{"ch":"있","size":60,"style":"Black","w":90.6,"data":{"shapes":[{"ty":"gr","it":[{"ind":0,"ty":"sh","ix":1,"ks":{"a":0,"k":{"i":[[0,0],[-2.734,-2.9],[-4.667,0],[0,0],[-2.734,2.9],[0,4.667],[0,0],[2.733,2.867],[4.666,0],[0,0],[2.733,-2.866],[0,-4.733]],"o":[[0,4.667],[2.733,2.9],[0,0],[4.666,0],[2.733,-2.9],[0,0],[0,-4.733],[-2.734,-2.866],[0,0],[-4.667,0],[-2.734,2.867],[0,0]],"v":[[4.3,-41.3],[8.4,-29.95],[19.5,-25.6],[40.9,-25.6],[52,-29.95],[56.1,-41.3],[56.1,-59.9],[52,-71.3],[40.9,-75.6],[19.5,-75.6],[8.4,-71.3],[4.3,-59.9]],"c":true},"ix":2},"nm":"있","mn":"ADBE Vector Shape - Group","hd":false},{"ind":1,"ty":"sh","ix":2,"ks":{"a":0,"k":{"i":[[0,0],[-0.667,0.6],[-1.067,0],[0,0],[-0.667,-0.6],[0,-2.133],[0,0],[0.666,-0.633],[1.066,0],[0,0],[0.666,0.634],[0,2.067]],"o":[[0,-2.133],[0.666,-0.6],[0,0],[1.066,0],[0.666,0.6],[0,0],[0,2.067],[-0.667,0.634],[0,0],[-1.067,0],[-0.667,-0.633],[0,0]],"v":[[24.6,-54.8],[25.6,-58.9],[28.2,-59.8],[32.2,-59.8],[34.8,-58.9],[35.8,-54.8],[35.8,-46.4],[34.8,-42.35],[32.2,-41.4],[28.2,-41.4],[25.6,-42.35],[24.6,-46.4]],"c":true},"ix":2},"nm":"있","mn":"ADBE Vector Shape - Group","hd":false},{"ind":2,"ty":"sh","ix":3,"ks":{"a":0,"k":{"i":[[0,0],[0,0],[0,0],[0,0],[-1.4,1.234],[0,2.067]],"o":[[0,0],[0,0],[0,0],[2.333,0],[1.4,-1.233],[0,0]],"v":[[82.8,-75.3],[62.5,-75.3],[62.5,-24.9],[75.1,-24.9],[80.7,-26.75],[82.8,-31.7]],"c":true},"ix":2},"nm":"있","mn":"ADBE Vector Shape - Group","hd":false},{"ind":3,"ty":"sh","ix":4,"ks":{"a":0,"k":{"i":[[-3.034,1.966],[-1.867,2.266],[-4.2,-2.2],[-4.8,0],[0,0],[2.2,2.834],[0,3.667],[0,0],[0,0],[0,0],[1,-2.133],[1.533,-0.933],[1.033,2.134],[0,2.6],[0,0],[0,0],[0,0],[2.2,-2.833],[3.933,-0.734],[0,0],[-4.2,2.2],[-1.934,2.466],[-3.134,-1.967],[-2.267,-0.534]],"o":[[3.033,-1.967],[1.933,2.466],[4.2,2.2],[0,0],[-3.934,-0.734],[-2.2,-2.833],[0,0],[0,0],[0,0],[0,2.6],[-1,2.134],[-1.534,-0.933],[-1.034,-2.133],[0,0],[0,0],[0,0],[0,3.667],[-2.2,2.834],[0,0],[4.8,0],[4.2,-2.2],[1.933,2.333],[3.133,1.966],[2.133,-0.6]],"v":[[57.45,13.25],[64.8,6.9],[74,13.9],[87.5,17.2],[87.5,1.9],[78.3,-3.45],[75,-13.2],[75,-22.3],[54.7,-22.3],[54.7,-13],[53.2,-5.9],[49.4,-1.3],[45.55,-5.9],[44,-13],[44,-22.3],[23.8,-22.3],[23.8,-13.2],[20.5,-3.45],[11.3,1.9],[11.3,17.2],[24.8,13.9],[34,6.9],[41.6,13.35],[49.7,17.1]],"c":true},"ix":2},"nm":"있","mn":"ADBE Vector Shape - Group","hd":false}],"nm":"있","np":7,"cix":2,"bm":0,"ix":1,"mn":"ADBE Vector Group","hd":false}]},"fFamily":"TmonMonsori"},{"ch":"는","size":60,"style":"Black","w":90.6,"data":{"shapes":[{"ty":"gr","it":[{"ind":0,"ty":"sh","ix":1,"ks":{"a":0,"k":{"i":[[0,0],[-1,-0.9],[-1.934,0],[0,0],[-1,0.9],[0,1.934],[0,0],[0,0],[0,0],[0,0]],"o":[[0,1.934],[1,0.9],[0,0],[1.933,0],[1,-0.9],[0,0],[0,0],[0,0],[0,0],[0,0]],"v":[[7.3,-44],[8.8,-39.75],[13.2,-38.4],[77.8,-38.4],[82.2,-39.75],[83.7,-44],[83.7,-53.2],[27.7,-53.2],[27.7,-75.5],[7.3,-75.5]],"c":true},"ix":2},"nm":"는","mn":"ADBE Vector Shape - Group","hd":false},{"ind":1,"ty":"sh","ix":2,"ks":{"a":0,"k":{"i":[[0,0],[-1.067,0.967],[0,2.134],[0,0],[0,0],[0,0],[-1.067,-0.966],[-2.134,0]],"o":[[2.133,0],[1.066,-0.966],[0,0],[0,0],[0,0],[0,2.134],[1.066,0.967],[0,0]],"v":[[81.8,-17.5],[86.6,-18.95],[88.2,-23.6],[88.2,-32.9],[2.4,-32.9],[2.4,-23.6],[4,-18.95],[8.8,-17.5]],"c":true},"ix":2},"nm":"는","mn":"ADBE Vector Shape - Group","hd":false},{"ind":2,"ty":"sh","ix":3,"ks":{"a":0,"k":{"i":[[0,0],[-1.2,1.1],[0,2],[0,0],[0,0],[0,0],[0,0],[0,0],[-1.167,-1.1],[-2.067,0]],"o":[[2.066,0],[1.2,-1.1],[0,0],[0,0],[0,0],[0,0],[0,0],[0,2],[1.166,1.1],[0,0]],"v":[[76.6,16.6],[81.5,14.95],[83.3,10.3],[83.3,1.1],[27.7,1.1],[27.7,-14.1],[7.3,-14.1],[7.3,10.3],[9.05,14.95],[13.9,16.6]],"c":true},"ix":2},"nm":"는","mn":"ADBE Vector Shape - Group","hd":false}],"nm":"는","np":6,"cix":2,"bm":0,"ix":1,"mn":"ADBE Vector Group","hd":false}]},"fFamily":"TmonMonsori"},{"ch":"생","size":60,"style":"Black","w":90.6,"data":{"shapes":[{"ty":"gr","it":[{"ind":0,"ty":"sh","ix":1,"ks":{"a":0,"k":{"i":[[0,0],[2.066,4.367],[0,8.867],[0,0],[0,0],[0,0],[2.8,-4.366],[3.533,-0.733],[0,0],[-4.967,3.2],[-1.6,3.8],[-4.134,-3.066],[-4.067,-0.466]],"o":[[-3.267,-1.133],[-2.067,-4.366],[0,0],[0,0],[0,0],[0,9.6],[-2.8,4.367],[0,0],[4.133,-0.066],[4.966,-3.2],[1.466,3.534],[4.133,3.067],[0,0]],"v":[[44.6,-42],[36.6,-50.25],[33.5,-70.1],[33.5,-75.1],[14.1,-75.1],[14.1,-70.1],[9.9,-49.15],[0.4,-41.5],[0.4,-24.7],[14.05,-29.6],[23.9,-40.1],[32.3,-30.2],[44.6,-24.9]],"c":true},"ix":2},"nm":"생","mn":"ADBE Vector Shape - Group","hd":false},{"ind":1,"ty":"sh","ix":2,"ks":{"a":0,"k":{"i":[[0,0],[0,0],[0,0],[0,0],[0,0],[0,0],[0,0],[0,0],[-1.267,1.134],[0,1.8],[0,0],[0,0],[0,0],[0,0],[-1.567,1.267],[0,1.867]],"o":[[0,0],[0,0],[0,0],[0,0],[0,0],[0,0],[0,0],[2.266,0],[1.266,-1.133],[0,0],[0,0],[0,0],[0,0],[1.933,0],[1.566,-1.266],[0,0]],"v":[[86,-75.3],[67.5,-75.3],[67.5,-59.3],[64.8,-59.3],[64.8,-75.3],[46.3,-75.3],[46.3,-24.6],[57.6,-24.6],[62.9,-26.3],[64.8,-30.7],[64.8,-42.6],[67.5,-42.6],[67.5,-24.6],[78.4,-24.6],[83.65,-26.5],[86,-31.2]],"c":true},"ix":2},"nm":"생","mn":"ADBE Vector Shape - Group","hd":false},{"ind":2,"ty":"sh","ix":3,"ks":{"a":0,"k":{"i":[[0,0],[0.6,-0.666],[2.133,0],[0,0],[0.633,0.666],[0,1.067],[0,0],[-0.634,0.667],[-2.067,0],[0,0],[-0.6,-0.666],[0,-1.066]],"o":[[0,1.067],[-0.6,0.666],[0,0],[-2.067,0],[-0.634,-0.666],[0,0],[0,-1.066],[0.633,-0.666],[0,0],[2.133,0],[0.6,0.667],[0,0]],"v":[[66.6,-2.6],[65.7,0],[61.6,1],[35.6,1],[31.55,0],[30.6,-2.6],[30.6,-3.3],[31.55,-5.9],[35.6,-6.9],[61.6,-6.9],[65.7,-5.9],[66.6,-3.3]],"c":true},"ix":2},"nm":"생","mn":"ADBE Vector Shape - Group","hd":false},{"ind":3,"ty":"sh","ix":4,"ks":{"a":0,"k":{"i":[[0,0],[3.166,2.5],[4.733,0],[0,0],[3.2,-2.5],[0,-4.666],[0,0],[-3.2,-2.5],[-4.667,0],[0,0],[-3.167,2.5],[0,4.666]],"o":[[0,-4.666],[-3.167,-2.5],[0,0],[-4.667,0],[-3.2,2.5],[0,0],[0,4.666],[3.2,2.5],[0,0],[4.733,0],[3.166,-2.5],[0,0]],"v":[[87,-8.1],[82.25,-18.85],[70.4,-22.6],[26.8,-22.6],[15,-18.85],[10.2,-8.1],[10.2,2.5],[15,13.25],[26.8,17],[70.4,17],[82.25,13.25],[87,2.5]],"c":true},"ix":2},"nm":"생","mn":"ADBE Vector Shape - Group","hd":false}],"nm":"생","np":7,"cix":2,"bm":0,"ix":1,"mn":"ADBE Vector Group","hd":false}]},"fFamily":"TmonMonsori"},{"ch":"활","size":60,"style":"Black","w":90.6,"data":{"shapes":[{"ty":"gr","it":[{"ind":0,"ty":"sh","ix":1,"ks":{"a":0,"k":{"i":[[0,0],[-2.067,0.334],[-1,0.334],[0,0],[0,0],[-1.4,1.234],[0,2.067],[0,0],[0,0],[-1.234,0.934],[0,2.067],[0,0],[0,0],[0,0],[0,0],[0,0],[1.933,-0.266],[2.133,0],[0,0],[0,0],[-2.267,2.4],[0,4.267],[0.533,1.534],[-0.334,0.334],[0,1.934],[0,0],[0,0],[0,0],[0,0],[0,0],[0,0],[0,0],[-0.867,-0.866],[-0.734,-0.266],[0,-1.6],[-3,-3.333],[-5.734,-0.4],[0,0],[0,0],[0,0],[-1.3,-1.133],[-2.2,0]],"o":[[2.333,0],[1.933,-0.266],[0,0],[0,0],[2.333,0],[1.4,-1.233],[0,0],[0,0],[2.2,0],[1.233,-0.933],[0,0],[0,0],[0,0],[0,0],[0,0],[-0.8,0.4],[-2.067,0.267],[0,0],[0,0],[4.6,-0.666],[3.066,-3.333],[0,-1.733],[0.4,-0.2],[0.866,-0.866],[0,0],[0,0],[0,0],[0,0],[0,0],[0,0],[0,0],[0,1.934],[0.466,0.467],[-0.467,1.467],[0,4.267],[2.6,2.8],[0,0],[0,0],[0,0],[0,2.134],[1.3,1.134],[0,0]],"v":[[48.9,-24.7],[55.5,-25.2],[59.9,-26.1],[59.9,-24.2],[72.5,-24.2],[78.1,-26.05],[80.2,-31],[80.2,-42.8],[85.6,-42.8],[90.75,-44.2],[92.6,-48.7],[92.6,-60.1],[80.2,-60.1],[80.2,-75.4],[59.9,-75.4],[59.9,-38.8],[55.8,-37.8],[49.5,-37.4],[41.5,-37.4],[41.5,-39.7],[51.8,-44.3],[56.4,-55.7],[55.6,-60.6],[56.7,-61.4],[58,-65.6],[58,-73.4],[40.2,-73.4],[40.2,-80.7],[20,-80.7],[20,-73.4],[1.7,-73.4],[1.7,-65.6],[3,-61.4],[4.8,-60.3],[4.1,-55.7],[8.6,-44.3],[21.1,-39.5],[21.1,-37.4],[2.8,-37.4],[2.8,-31.3],[4.75,-26.4],[10,-24.7]],"c":true},"ix":2},"nm":"활","mn":"ADBE Vector Shape - Group","hd":false},{"ind":1,"ty":"sh","ix":2,"ks":{"a":0,"k":{"i":[[0,0],[0,0],[0,0],[-0.9,-0.8],[-1.934,0],[0,0],[0,0],[0,0],[0,0],[-1,-0.9],[-1.934,0],[0,0],[-1,0.9],[0,1.933],[0,0],[0,0],[0,0],[0,0],[-0.9,0.8],[0,1.934]],"o":[[0,0],[0,0],[0,1.934],[0.9,0.8],[0,0],[0,0],[0,0],[0,0],[0,1.933],[1,0.9],[0,0],[1.933,0],[1,-0.9],[0,0],[0,0],[0,0],[0,0],[1.933,0],[0.9,-0.8],[0,0]],"v":[[80.3,-22.5],[7.6,-22.5],[7.6,-16.3],[8.95,-12.2],[13.2,-11],[59.9,-11],[59.9,-8.5],[7.8,-8.5],[7.8,11],[9.3,15.25],[13.7,16.6],[75.2,16.6],[79.6,15.25],[81.1,11],[81.1,5],[28.1,5],[28.1,2.4],[74.7,2.4],[78.95,1.2],[80.3,-2.9]],"c":true},"ix":2},"nm":"활","mn":"ADBE Vector Shape - Group","hd":false},{"ind":2,"ty":"sh","ix":3,"ks":{"a":0,"k":{"i":[[0,0],[-0.767,-0.666],[0,-0.866],[0.833,-0.666],[1.6,0],[0,0],[0.833,0.667],[0,0.934],[-0.767,0.667],[-1.734,0]],"o":[[1.733,0],[0.766,0.667],[0,0.934],[-0.834,0.667],[0,0],[-1.6,0],[-0.834,-0.666],[0,-0.866],[0.766,-0.666],[0,0]],"v":[[32.1,-59.2],[35.85,-58.2],[37,-55.9],[35.75,-53.5],[32.1,-52.5],[28.9,-52.5],[25.25,-53.5],[24,-55.9],[25.15,-58.2],[28.9,-59.2]],"c":true},"ix":2},"nm":"활","mn":"ADBE Vector Shape - Group","hd":false}],"nm":"활","np":6,"cix":2,"bm":0,"ix":1,"mn":"ADBE Vector Group","hd":false}]},"fFamily":"TmonMonsori"},{"ch":"의","size":60,"style":"Black","w":90.6,"data":{"shapes":[{"ty":"gr","it":[{"ind":0,"ty":"sh","ix":1,"ks":{"a":0,"k":{"i":[[0,0],[-2.834,-2.9],[-4.667,0],[0,0],[-2.834,2.9],[0,4.667],[0,0],[2.833,2.867],[4.666,0],[0,0],[2.833,-2.866],[0,-4.733]],"o":[[0,4.667],[2.833,2.9],[0,0],[4.666,0],[2.833,-2.9],[0,0],[0,-4.733],[-2.834,-2.866],[0,0],[-4.667,0],[-2.834,2.867],[0,0]],"v":[[5.6,-22.7],[9.85,-11.35],[21.1,-7],[43.7,-7],[54.95,-11.35],[59.2,-22.7],[59.2,-59.8],[54.95,-71.2],[43.7,-75.5],[21.1,-75.5],[9.85,-71.2],[5.6,-59.8]],"c":true},"ix":2},"nm":"의","mn":"ADBE Vector Shape - Group","hd":false},{"ind":1,"ty":"sh","ix":2,"ks":{"a":0,"k":{"i":[[0,0],[-0.667,0.6],[-1.067,0],[0,0],[-0.667,-0.6],[0,-2.133],[0,0],[0.666,-0.633],[1.066,0],[0,0],[0.666,0.634],[0,2.067]],"o":[[0,-2.133],[0.666,-0.6],[0,0],[1.066,0],[0.666,0.6],[0,0],[0,2.067],[-0.667,0.634],[0,0],[-1.067,0],[-0.667,-0.633],[0,0]],"v":[[26.2,-54.7],[27.2,-58.8],[29.8,-59.7],[35,-59.7],[37.6,-58.8],[38.6,-54.7],[38.6,-27.8],[37.6,-23.75],[35,-22.8],[29.8,-22.8],[27.2,-23.75],[26.2,-27.8]],"c":true},"ix":2},"nm":"의","mn":"ADBE Vector Shape - Group","hd":false},{"ind":2,"ty":"sh","ix":3,"ks":{"a":0,"k":{"i":[[0,0],[0,0],[0,0],[1.866,-0.2],[2.133,0],[0,0],[0,0],[-1.3,-1.134],[-2.2,0],[0,0],[-2.067,0.333],[-0.934,0.266],[0,0],[0,0],[-2.5,2.5],[0,3.666]],"o":[[0,0],[0,0],[-0.8,0.334],[-2.067,0.333],[0,0],[0,0],[0,2.133],[1.3,1.133],[0,0],[2.333,0],[1.933,-0.334],[0,0],[0,0],[3.666,0],[2.5,-2.5],[0,0]],"v":[[83.8,-75.3],[63.5,-75.3],[63.5,-0.8],[59.5,0],[53.2,0.5],[4.9,0.5],[4.9,9.4],[6.85,14.3],[12.1,16],[52.6,16],[59.2,15.5],[63.5,14.6],[63.5,16.6],[70.8,16.6],[80.05,12.85],[83.8,3.6]],"c":true},"ix":2},"nm":"의","mn":"ADBE Vector Shape - Group","hd":false}],"nm":"의","np":6,"cix":2,"bm":0,"ix":1,"mn":"ADBE Vector Group","hd":false}]},"fFamily":"TmonMonsori"},{"ch":"꿀","size":60,"style":"Black","w":90.6,"data":{"shapes":[{"ty":"gr","it":[{"ind":0,"ty":"sh","ix":1,"ks":{"a":0,"k":{"i":[[0,1.934],[0,0],[0,0],[0,0.934],[0,0],[0,0],[-1.067,0.967],[0,2.134],[0,0],[0,0],[-0.4,2.667],[0,1.467],[0,0],[0,0],[0,0],[-1.234,-1.1],[-1.6,0],[0,0],[0,0],[0.133,-2.8],[0.6,-2],[0,0],[-0.667,2.6],[-0.067,2.8],[0,0],[0,0],[0,0],[-1.234,-1.1],[-1.6,0],[0,0],[0,0],[0.733,-3.2],[0.733,-2],[0,0],[0,0],[-1.067,-0.966],[-2.134,0],[0,0],[0,0],[0,0],[0,0],[-0.9,-0.8],[-1.934,0],[0,0],[0,0],[0,0],[0,0],[-1,-0.9],[-1.934,0],[0,0],[-1,0.9],[0,1.933],[0,0],[0,0],[0,0],[0,0],[-0.9,0.8]],"o":[[0,0],[0,0],[0.266,-0.666],[0,0],[0,0],[2.133,0],[1.066,-0.966],[0,0],[0,0],[0.6,-1.533],[0.533,-3.666],[0,0],[0,0],[0,0],[0,1.934],[1.233,1.1],[0,0],[0,0],[0,2.334],[-0.067,2.267],[0,0],[0.866,-1.6],[0.933,-3.4],[0,0],[0,0],[0,0],[0,1.934],[1.233,1.1],[0,0],[0,0],[0,1.667],[-0.6,2.534],[0,0],[0,0],[0,2.134],[1.066,0.967],[0,0],[0,0],[0,0],[0,0],[0,1.934],[0.9,0.8],[0,0],[0,0],[0,0],[0,0],[0,1.933],[1,0.9],[0,0],[1.933,0],[1,-0.9],[0,0],[0,0],[0,0],[0,0],[1.933,0],[0.9,-0.8]],"v":[[83.2,-3.6],[83.2,-24.4],[56,-24.4],[56.4,-26.8],[56.4,-28.4],[81.9,-28.4],[86.7,-29.85],[88.3,-34.5],[88.3,-43.6],[81,-43.6],[82.5,-49.9],[83.3,-57.6],[83.3,-75.3],[46,-75.3],[46,-66.2],[47.85,-61.65],[52.1,-60],[63.5,-60],[63.5,-57.7],[63.3,-50],[62.3,-43.6],[39.9,-43.6],[42.2,-49.9],[43.7,-59.2],[43.7,-75.3],[6.9,-75.3],[6.9,-66.2],[8.75,-61.65],[13,-60],[24,-60],[24,-57.7],[22.9,-50.4],[20.9,-43.6],[2.5,-43.6],[2.5,-34.5],[4.1,-29.85],[8.9,-28.4],[36.1,-28.4],[36.1,-24.4],[7,-24.4],[7,-17.4],[8.35,-13.3],[12.6,-12.1],[62.8,-12.1],[62.8,-9.9],[7.2,-9.9],[7.2,11],[8.7,15.25],[13.1,16.6],[78,16.6],[82.4,15.25],[83.9,11],[83.9,4],[27.5,4],[27.5,1.7],[77.6,1.7],[81.85,0.5]],"c":true},"ix":2},"nm":"꿀","mn":"ADBE Vector Shape - Group","hd":false}],"nm":"꿀","np":3,"cix":2,"bm":0,"ix":1,"mn":"ADBE Vector Group","hd":false}]},"fFamily":"TmonMonsori"},{"ch":"팁","size":60,"style":"Black","w":90.6,"data":{"shapes":[{"ty":"gr","it":[{"ind":0,"ty":"sh","ix":1,"ks":{"a":0,"k":{"i":[[0,0],[0,0],[0,0],[2.8,-0.333],[1.933,0],[0,0],[0,0],[0,0],[-0.934,0.834],[0,1.934],[0,0],[0,0],[0,0],[0,0],[-0.9,0.834],[0,1.934],[0,0],[0,0],[0,0],[-1,-0.9],[-1.934,0],[0,0],[-2.667,0.267],[-2.334,0.534],[0,0],[0,0],[-1.4,1.234],[0,2.067]],"o":[[0,0],[0,0],[-2.267,0.6],[-2.867,0.267],[0,0],[0,0],[0,0],[1.933,0],[0.933,-0.833],[0,0],[0,0],[0,0],[0,0],[1.933,0],[0.9,-0.833],[0,0],[0,0],[0,0],[0,1.934],[1,0.9],[0,0],[3.066,0],[2.666,-0.333],[0,0],[0,0],[2.333,0],[1.4,-1.233],[0,0]],"v":[[82.8,-75.3],[62.5,-75.3],[62.5,-41.4],[54.9,-40],[47.7,-39.6],[26.5,-39.6],[26.5,-42.6],[49.6,-42.6],[53.9,-43.85],[55.3,-48],[55.3,-57.2],[26.5,-57.2],[26.5,-60.1],[50.5,-60.1],[54.75,-61.35],[56.1,-65.5],[56.1,-75.1],[6.2,-75.1],[6.2,-30.2],[7.7,-25.95],[12.1,-24.6],[46.4,-24.6],[55,-25],[62.5,-26.3],[62.5,-24.9],[75.1,-24.9],[80.7,-26.75],[82.8,-31.7]],"c":true},"ix":2},"nm":"팁","mn":"ADBE Vector Shape - Group","hd":false},{"ind":1,"ty":"sh","ix":2,"ks":{"a":0,"k":{"i":[[0,0],[0,0],[0,0],[0,0],[0,0],[0,0],[0,0],[-1.1,-1.1],[-2.067,0],[0,0],[-1.134,1.1],[0,2]],"o":[[0,0],[0,0],[0,0],[0,0],[0,0],[0,0],[0,2],[1.1,1.1],[0,0],[2.066,0],[1.133,-1.1],[0,0]],"v":[[82.7,-22.5],[62.4,-22.5],[62.4,-18.2],[30.6,-18.2],[30.6,-22.5],[10.3,-22.5],[10.3,10.3],[11.95,14.95],[16.7,16.6],[76.2,16.6],[81,14.95],[82.7,10.3]],"c":true},"ix":2},"nm":"팁","mn":"ADBE Vector Shape - Group","hd":false},{"ind":2,"ty":"sh","ix":3,"ks":{"a":0,"k":{"i":[[0,0],[0,0],[0,0],[0,0]],"o":[[0,0],[0,0],[0,0],[0,0]],"v":[[30.6,1.1],[30.6,-2.8],[62.4,-2.8],[62.4,1.1]],"c":true},"ix":2},"nm":"팁","mn":"ADBE Vector Shape - Group","hd":false}],"nm":"팁","np":6,"cix":2,"bm":0,"ix":1,"mn":"ADBE Vector Group","hd":false}]},"fFamily":"TmonMonsori"},{"ch":"혼","size":60,"style":"Black","w":90.6,"data":{"shapes":[{"ty":"gr","it":[{"ind":0,"ty":"sh","ix":1,"ks":{"a":0,"k":{"i":[[0,0],[-1.067,0.967],[0,2.134],[0,0],[0,0],[0,0],[0,0],[-2.734,3],[0,4.867],[1.666,2.534],[-1,0.867],[0,1.934],[0,0],[0,0],[0,0],[0,0],[0,0],[0,0],[0,0],[-0.967,-0.866],[-1.934,0],[0,0],[0,-3.4],[-2.767,-3],[-5.667,0],[0,0],[0,0],[0,0],[0,0],[-1.067,-0.966],[-2.134,0]],"o":[[2.133,0],[1.066,-0.966],[0,0],[0,0],[0,0],[0,0],[5.733,0],[2.733,-3],[0,-3.4],[1.933,0],[1,-0.866],[0,0],[0,0],[0,0],[0,0],[0,0],[0,0],[0,0],[0,1.934],[0.966,0.867],[0,0],[-1.6,2.534],[0,4.867],[2.766,3],[0,0],[0,0],[0,0],[0,0],[0,2.134],[1.066,0.967],[0,0]],"v":[[81.8,-12.6],[86.6,-14.05],[88.2,-18.7],[88.2,-28],[56,-28],[56,-32.6],[65.3,-32.6],[78,-37.1],[82.1,-48.9],[79.6,-57.8],[84,-59.1],[85.5,-63.3],[85.5,-73.3],[55.8,-73.3],[55.8,-80.3],[35.4,-80.3],[35.4,-73.3],[5.1,-73.3],[5.1,-63.3],[6.55,-59.1],[10.9,-57.8],[11,-57.8],[8.6,-48.9],[12.75,-37.1],[25.4,-32.6],[35.7,-32.6],[35.7,-28],[2.4,-28],[2.4,-18.7],[4,-14.05],[8.8,-12.6]],"c":true},"ix":2},"nm":"혼","mn":"ADBE Vector Shape - Group","hd":false},{"ind":1,"ty":"sh","ix":2,"ks":{"a":0,"k":{"i":[[0,0],[-1.2,1.1],[0,2],[0,0],[0,0],[0,0],[0,0],[0,0],[-1.167,-1.1],[-2.067,0]],"o":[[2.066,0],[1.2,-1.1],[0,0],[0,0],[0,0],[0,0],[0,0],[0,2],[1.166,1.1],[0,0]],"v":[[76.6,16.6],[81.5,14.95],[83.3,10.3],[83.3,1.1],[27.7,1.1],[27.7,-9.5],[7.3,-9.5],[7.3,10.3],[9.05,14.95],[13.9,16.6]],"c":true},"ix":2},"nm":"혼","mn":"ADBE Vector Shape - Group","hd":false},{"ind":2,"ty":"sh","ix":3,"ks":{"a":0,"k":{"i":[[0,0],[0.9,0.9],[0,1.6],[-0.934,0.667],[-1.067,0.134],[0,0],[-0.934,-0.666],[0,-1.866],[0.833,-0.9],[1.333,0]],"o":[[-1.334,0],[-0.9,-0.9],[0,-1.866],[0.8,-0.533],[0,0],[1.333,0],[0.933,0.667],[0,1.6],[-0.834,0.9],[0,0]],"v":[[33.1,-47.9],[29.75,-49.25],[28.4,-53],[29.8,-56.8],[32.6,-57.8],[57.5,-57.8],[60.9,-56.8],[62.3,-53],[61.05,-49.25],[57.8,-47.9]],"c":true},"ix":2},"nm":"혼","mn":"ADBE Vector Shape - Group","hd":false}],"nm":"혼","np":6,"cix":2,"bm":0,"ix":1,"mn":"ADBE Vector Group","hd":false}]},"fFamily":"TmonMonsori"},{"ch":"자","size":60,"style":"Black","w":90.6,"data":{"shapes":[{"ty":"gr","it":[{"ind":0,"ty":"sh","ix":1,"ks":{"a":0,"k":{"i":[[-5.4,-3.2],[-4.667,-0.067],[0,0],[3.2,4.367],[0,9.6],[0,0],[0,0],[-0.967,0.867],[0,1.934],[0,0],[0,0],[0,0],[-0.967,-0.866],[-1.934,0],[0,0],[0,0],[3.333,-4.366],[4.2,-0.733],[0,0],[-5.667,3.2],[-1.734,3.8]],"o":[[5.4,3.2],[0,0],[-3.934,-0.733],[-3.2,-4.366],[0,0],[0,0],[1.933,0],[0.966,-0.866],[0,0],[0,0],[0,0],[0,1.934],[0.966,0.867],[0,0],[0,0],[0,9.6],[-3.334,4.367],[0,0],[4.866,-0.067],[5.666,-3.2],[1.733,3.8]],"v":[[40.5,11.3],[55.6,16.2],[55.6,-0.2],[44.9,-7.85],[40.1,-28.8],[40.1,-59.5],[49.3,-59.5],[53.65,-60.8],[55.1,-65],[55.1,-75.1],[3.7,-75.1],[3.7,-65],[5.15,-60.8],[9.5,-59.5],[19.2,-59.5],[19.2,-28.8],[14.2,-7.85],[2.9,-0.2],[2.9,16.2],[18.7,11.3],[29.8,0.8]],"c":true},"ix":2},"nm":"자","mn":"ADBE Vector Shape - Group","hd":false},{"ind":1,"ty":"sh","ix":2,"ks":{"a":0,"k":{"i":[[0,0],[0,0],[0,0],[0,0],[-2.5,2.5],[0,3.666],[0,0],[0,0],[-1.434,1],[0,2.267],[0,0],[0,0]],"o":[[0,0],[0,0],[0,0],[3.666,0],[2.5,-2.5],[0,0],[0,0],[2.4,0],[1.433,-1],[0,0],[0,0],[0,0]],"v":[[78.4,-75.3],[58.1,-75.3],[58.1,16.6],[65.4,16.6],[74.65,12.85],[78.4,3.6],[78.4,-26.8],[84.4,-26.8],[90.15,-28.3],[92.3,-33.2],[92.3,-44.2],[78.4,-44.2]],"c":true},"ix":2},"nm":"자","mn":"ADBE Vector Shape - Group","hd":false}],"nm":"자","np":5,"cix":2,"bm":0,"ix":1,"mn":"ADBE Vector Group","hd":false}]},"fFamily":"TmonMonsori"},{"ch":"기","size":60,"style":"Black","w":90.6,"data":{"shapes":[{"ty":"gr","it":[{"ind":0,"ty":"sh","ix":1,"ks":{"a":0,"k":{"i":[[0,0],[0,0],[5,-5.733],[8,0],[0,0],[-8.5,9.033],[0,16.467],[0,0],[0,0],[0,0],[-1.234,-1.1],[-1.6,0]],"o":[[0,0],[0,11.734],[-5,5.734],[0,0],[15.133,0],[8.5,-9.033],[0,0],[0,0],[0,0],[0,1.934],[1.233,1.1],[0,0]],"v":[[34,-59.5],[34,-34.5],[26.5,-8.3],[7,0.3],[7,16],[42.45,2.45],[55.2,-35.8],[55.2,-75],[6.8,-75],[6.8,-65.8],[8.65,-61.25],[12.9,-59.6]],"c":true},"ix":2},"nm":"기","mn":"ADBE Vector Shape - Group","hd":false},{"ind":1,"ty":"sh","ix":2,"ks":{"a":0,"k":{"i":[[0,0],[0,0],[0,0],[0,0],[-2.5,2.5],[0,3.666]],"o":[[0,0],[0,0],[0,0],[3.666,0],[2.5,-2.5],[0,0]],"v":[[82.4,-75.3],[62.1,-75.3],[62.1,16.6],[69.4,16.6],[78.65,12.85],[82.4,3.6]],"c":true},"ix":2},"nm":"기","mn":"ADBE Vector Shape - Group","hd":false}],"nm":"기","np":5,"cix":2,"bm":0,"ix":1,"mn":"ADBE Vector Group","hd":false}]},"fFamily":"TmonMonsori"},{"ch":"너","size":60,"style":"Black","w":90.6,"data":{"shapes":[{"ty":"gr","it":[{"ind":0,"ty":"sh","ix":1,"ks":{"a":0,"k":{"i":[[0,0],[-2.934,0.233],[-4.4,1.266],[0,0],[4.1,-0.566],[2.733,0],[0,0],[0,0],[0,0],[0,0],[-1.2,-1.167],[-2.267,0]],"o":[[2.6,0],[2.933,-0.234],[0,0],[-1.6,0.334],[-4.1,0.566],[0,0],[0,0],[0,0],[0,0],[0,2.266],[1.2,1.166],[0,0]],"v":[[40.3,16.3],[48.6,15.95],[59.6,13.7],[59.6,-1.4],[51.05,-0.05],[40.8,0.8],[28,0.8],[28,-75.1],[7.7,-75.1],[7.8,9.4],[9.6,14.55],[14.8,16.3]],"c":true},"ix":2},"nm":"너","mn":"ADBE Vector Shape - Group","hd":false},{"ind":1,"ty":"sh","ix":2,"ks":{"a":0,"k":{"i":[[0,0],[0,0],[0,0],[0,0],[0,0],[-1.067,-1.033],[-1.667,0],[0,0],[0,0],[0,0],[-2.5,2.5],[0,3.666]],"o":[[0,0],[0,0],[0,0],[0,0],[0,1.667],[1.066,1.034],[0,0],[0,0],[0,0],[3.666,0],[2.5,-2.5],[0,0]],"v":[[83.1,-75.3],[62.8,-75.3],[62.8,-42.2],[38.3,-42.2],[38.3,-31.7],[39.9,-27.65],[44,-26.1],[62.8,-26.1],[62.8,16.6],[70.1,16.6],[79.35,12.85],[83.1,3.6]],"c":true},"ix":2},"nm":"너","mn":"ADBE Vector Shape - Group","hd":false}],"nm":"너","np":5,"cix":2,"bm":0,"ix":1,"mn":"ADBE Vector Group","hd":false}]},"fFamily":"TmonMonsori"},{"ch":"무","size":60,"style":"Black","w":90.6,"data":{"shapes":[{"ty":"gr","it":[{"ind":0,"ty":"sh","ix":1,"ks":{"a":0,"k":{"i":[[0,0],[0,0],[0,0],[0,0]],"o":[[0,0],[0,0],[0,0],[0,0]],"v":[[27.7,-59.6],[63.1,-59.6],[63.1,-47.5],[27.7,-47.5]],"c":true},"ix":2},"nm":"무","mn":"ADBE Vector Shape - Group","hd":false},{"ind":1,"ty":"sh","ix":2,"ks":{"a":0,"k":{"i":[[0,0],[-0.967,-0.866],[-1.934,0],[0,0],[-0.967,0.867],[0,1.934],[0,0],[0,0]],"o":[[0,1.934],[0.966,0.867],[0,0],[1.933,0],[0.966,-0.866],[0,0],[0,0],[0,0]],"v":[[7.4,-37.6],[8.85,-33.4],[13.2,-32.1],[77.5,-32.1],[81.85,-33.4],[83.3,-37.6],[83.3,-75],[7.4,-75]],"c":true},"ix":2},"nm":"무","mn":"ADBE Vector Shape - Group","hd":false},{"ind":2,"ty":"sh","ix":3,"ks":{"a":0,"k":{"i":[[0,0],[-1.067,0.967],[0,2.134],[0,0],[0,0],[0,0],[-1.067,-0.966],[-2.134,0],[0,0],[0,0],[0,0],[-1.667,1.433],[0,2],[0,0]],"o":[[2.133,0],[1.066,-0.966],[0,0],[0,0],[0,0],[0,2.134],[1.066,0.967],[0,0],[0,0],[0,0],[2.133,0],[1.666,-1.434],[0,0],[0,0]],"v":[[81.8,-10.8],[86.6,-12.25],[88.2,-16.9],[88.2,-26.2],[2.4,-26.2],[2.4,-16.9],[4,-12.25],[8.8,-10.8],[35.8,-10.8],[35.8,16.5],[47.9,16.5],[53.6,14.35],[56.1,9.2],[56.1,-10.8]],"c":true},"ix":2},"nm":"무","mn":"ADBE Vector Shape - Group","hd":false}],"nm":"무","np":6,"cix":2,"bm":0,"ix":1,"mn":"ADBE Vector Group","hd":false}]},"fFamily":"TmonMonsori"},{"ch":"아","size":60,"style":"Black","w":90.6,"data":{"shapes":[{"ty":"gr","it":[{"ind":0,"ty":"sh","ix":1,"ks":{"a":0,"k":{"i":[[0,0],[-2.734,-2.9],[-4.667,0],[0,0],[-2.734,2.9],[0,4.666],[0,0],[2.733,2.867],[4.666,0],[0,0],[2.733,-2.866],[0,-4.733]],"o":[[0,4.666],[2.733,2.9],[0,0],[4.666,0],[2.733,-2.9],[0,0],[0,-4.733],[-2.734,-2.866],[0,0],[-4.667,0],[-2.734,2.867],[0,0]],"v":[[4.4,0.5],[8.5,11.85],[19.6,16.2],[38.5,16.2],[49.6,11.85],[53.7,0.5],[53.7,-59.9],[49.6,-71.3],[38.5,-75.6],[19.6,-75.6],[8.5,-71.3],[4.4,-59.9]],"c":true},"ix":2},"nm":"아","mn":"ADBE Vector Shape - Group","hd":false},{"ind":1,"ty":"sh","ix":2,"ks":{"a":0,"k":{"i":[[0,0],[-0.667,0.6],[-1.067,0],[0,0],[-0.667,-0.6],[0,-2.133],[0,0],[0.666,-0.633],[1.066,0],[0,0],[0.666,0.633],[0,2.067]],"o":[[0,-2.133],[0.666,-0.6],[0,0],[1.066,0],[0.666,0.6],[0,0],[0,2.067],[-0.667,0.633],[0,0],[-1.067,0],[-0.667,-0.633],[0,0]],"v":[[24.7,-55],[25.7,-59.1],[28.3,-60],[29.8,-60],[32.4,-59.1],[33.4,-55],[33.4,-4.4],[32.4,-0.35],[29.8,0.6],[28.3,0.6],[25.7,-0.35],[24.7,-4.4]],"c":true},"ix":2},"nm":"아","mn":"ADBE Vector Shape - Group","hd":false},{"ind":2,"ty":"sh","ix":3,"ks":{"a":0,"k":{"i":[[0,0],[0,0],[0,0],[0,0],[-2.5,2.5],[0,3.666],[0,0],[0,0],[-1.434,1],[0,2.267],[0,0],[0,0]],"o":[[0,0],[0,0],[0,0],[3.666,0],[2.5,-2.5],[0,0],[0,0],[2.4,0],[1.433,-1],[0,0],[0,0],[0,0]],"v":[[78.4,-75.3],[58.1,-75.3],[58.1,16.6],[65.4,16.6],[74.65,12.85],[78.4,3.6],[78.4,-26.8],[84.4,-26.8],[90.15,-28.3],[92.3,-33.2],[92.3,-44.2],[78.4,-44.2]],"c":true},"ix":2},"nm":"아","mn":"ADBE Vector Shape - Group","hd":false}],"nm":"아","np":6,"cix":2,"bm":0,"ix":1,"mn":"ADBE Vector Group","hd":false}]},"fFamily":"TmonMonsori"},{"ch":"깝","size":60,"style":"Black","w":90.6,"data":{"shapes":[{"ty":"gr","it":[{"ind":0,"ty":"sh","ix":1,"ks":{"a":0,"k":{"i":[[0,0],[-0.867,-1.1],[-1.6,0],[0,0],[0,0],[1.433,-0.733],[3.333,0],[0,0],[-5,2.567],[0,6.134],[0,0],[0,0],[0,0],[4.833,-3.3],[12.133,0],[0,0],[0,0],[-7.367,6.167],[0,8.534],[0,0],[0,0]],"o":[[0,1.934],[0.866,1.1],[0,0],[0,0],[0,1.267],[-1.434,0.734],[0,0],[9.933,0],[5,-2.566],[0,0],[0,0],[0,0],[0,4.734],[-4.834,3.3],[0,0],[0,0],[16.066,0],[7.366,-6.166],[0,0],[0,0],[0,0]],"v":[[2.9,-66.9],[4.2,-62.35],[7.9,-60.7],[12.2,-60.7],[12.2,-59.4],[10.05,-56.4],[2.9,-55.3],[2.9,-42.8],[25.3,-46.65],[32.8,-59.7],[32.8,-60.7],[35.6,-60.7],[35.6,-57.4],[28.35,-45.35],[2.9,-40.4],[2.9,-27.5],[10.6,-27.5],[45.75,-36.75],[56.8,-58.8],[56.8,-75.1],[3,-75.1]],"c":true},"ix":2},"nm":"깝","mn":"ADBE Vector Shape - Group","hd":false},{"ind":1,"ty":"sh","ix":2,"ks":{"a":0,"k":{"i":[[0,0],[0,0],[0,0],[0,0],[-1.4,1.234],[0,2.067],[0,0],[0,0],[-1.234,0.934],[0,2.067],[0,0],[0,0]],"o":[[0,0],[0,0],[0,0],[2.333,0],[1.4,-1.233],[0,0],[0,0],[2.2,0],[1.233,-0.933],[0,0],[0,0],[0,0]],"v":[[78.5,-75.3],[59.1,-75.3],[59.1,-27.7],[70.8,-27.7],[76.4,-29.55],[78.5,-34.5],[78.5,-41.5],[84.7,-41.5],[89.85,-42.9],[91.7,-47.4],[91.7,-58.8],[78.5,-58.8]],"c":true},"ix":2},"nm":"깝","mn":"ADBE Vector Shape - Group","hd":false},{"ind":2,"ty":"sh","ix":3,"ks":{"a":0,"k":{"i":[[0,0],[-1.1,-1.1],[-2.067,0],[0,0],[-1.134,1.1],[0,2],[0,0],[0,0],[0,0],[0,0],[0,0],[0,0]],"o":[[0,2],[1.1,1.1],[0,0],[2.066,0],[1.133,-1.1],[0,0],[0,0],[0,0],[0,0],[0,0],[0,0],[0,0]],"v":[[6.1,10.3],[7.75,14.95],[12.5,16.6],[72,16.6],[76.8,14.95],[78.5,10.3],[78.5,-25.6],[58.2,-25.6],[58.2,-20.2],[26.4,-20.2],[26.4,-25.6],[6.1,-25.6]],"c":true},"ix":2},"nm":"깝","mn":"ADBE Vector Shape - Group","hd":false},{"ind":3,"ty":"sh","ix":4,"ks":{"a":0,"k":{"i":[[0,0],[0,0],[0,0],[0,0]],"o":[[0,0],[0,0],[0,0],[0,0]],"v":[[26.4,1],[26.4,-4.6],[58.2,-4.6],[58.2,1]],"c":true},"ix":2},"nm":"깝","mn":"ADBE Vector Shape - Group","hd":false}],"nm":"깝","np":7,"cix":2,"bm":0,"ix":1,"mn":"ADBE Vector Group","hd":false}]},"fFamily":"TmonMonsori"},{"ch":"다","size":60,"style":"Black","w":90.6,"data":{"shapes":[{"ty":"gr","it":[{"ind":0,"ty":"sh","ix":1,"ks":{"a":0,"k":{"i":[[0,0],[0,0],[0,0],[3.066,-0.333],[2.733,0],[0,0],[0,0],[0,0],[-1,0.9],[0,1.934],[0,0],[0,0],[0,0],[-1.2,-1.167],[-2.267,0],[0,0],[-3.334,0.466],[-3.4,1.266],[0,0],[0,0],[-2.5,2.5],[0,3.666],[0,0],[0,0],[-1.434,1],[0,2.267],[0,0],[0,0]],"o":[[0,0],[0,0],[-3.267,1.134],[-3.2,0.466],[0,0],[0,0],[0,0],[1.933,0],[1,-0.9],[0,0],[0,0],[0,0],[0,2.266],[1.2,1.166],[0,0],[2.6,0],[3.266,-0.4],[0,0],[0,0],[3.666,0],[2.5,-2.5],[0,0],[0,0],[2.4,0],[1.433,-1],[0,0],[0,0],[0,0]],"v":[[78.4,-75.3],[58.1,-75.3],[58.1,-2.1],[48.6,0.1],[39.7,0.8],[25.1,0.8],[25.1,-59.4],[47.7,-59.3],[52.1,-60.65],[53.6,-64.9],[53.5,-75],[4.8,-75],[4.8,9.4],[6.6,14.55],[11.8,16.3],[39.2,16.3],[48.1,15.6],[58.1,13.1],[58.1,16.6],[65.4,16.6],[74.65,12.85],[78.4,3.6],[78.4,-26.8],[84.4,-26.8],[90.15,-28.3],[92.3,-33.2],[92.3,-44.2],[78.4,-44.2]],"c":true},"ix":2},"nm":"다","mn":"ADBE Vector Shape - Group","hd":false}],"nm":"다","np":3,"cix":2,"bm":0,"ix":1,"mn":"ADBE Vector Group","hd":false}]},"fFamily":"TmonMonsori"},{"ch":".","size":60,"style":"Black","w":34.6,"data":{"shapes":[{"ty":"gr","it":[{"ind":0,"ty":"sh","ix":1,"ks":{"a":0,"k":{"i":[[0,1.733],[0,0],[0,0],[0,0],[0,0],[-1,0.866]],"o":[[0,0],[0,0],[0,0],[0,0],[2.066,0],[1,-0.867]],"v":[[28,12.7],[28,-2.7],[6.9,-2.7],[6.9,17.9],[21.9,17.9],[26.5,16.6]],"c":true},"ix":2},"nm":".","mn":"ADBE Vector Shape - Group","hd":false}],"nm":".","np":3,"cix":2,"bm":0,"ix":1,"mn":"ADBE Vector Group","hd":false}]},"fFamily":"TmonMonsori"},{"ch":"을","size":72,"style":"Black","w":90.6,"data":{"shapes":[{"ty":"gr","it":[{"ind":0,"ty":"sh","ix":1,"ks":{"a":0,"k":{"i":[[0,0],[3.033,2.4],[4.933,0],[0,0],[3.033,-2.4],[0,-3.933],[0,0],[-3.034,-2.366],[-4.934,0],[0,0],[-3.034,2.367],[0,3.934]],"o":[[0,-3.933],[-3.034,-2.4],[0,0],[-4.934,0],[-3.034,2.4],[0,0],[0,3.934],[3.033,2.367],[0,0],[4.933,0],[3.033,-2.366],[0,0]],"v":[[85.4,-62.6],[80.85,-72.1],[68.9,-75.7],[21.8,-75.7],[9.85,-72.1],[5.3,-62.6],[5.3,-55.6],[9.85,-46.15],[21.8,-42.6],[68.9,-42.6],[80.85,-46.15],[85.4,-55.6]],"c":true},"ix":2},"nm":"을","mn":"ADBE Vector Shape - Group","hd":false},{"ind":1,"ty":"sh","ix":2,"ks":{"a":0,"k":{"i":[[0,0],[0.633,0.3],[0,0.6],[-0.634,0.3],[-1.467,0],[0,0],[-0.6,-0.3],[0,-0.6],[0.6,-0.3],[1.466,0]],"o":[[-1.467,0],[-0.634,-0.3],[0,-0.6],[0.633,-0.3],[0,0],[1.466,0],[0.6,0.3],[0,0.6],[-0.6,0.3],[0,0]],"v":[[29.3,-57.3],[26.15,-57.75],[25.2,-59.1],[26.15,-60.45],[29.3,-60.9],[61.4,-60.9],[64.5,-60.45],[65.4,-59.1],[64.5,-57.75],[61.4,-57.3]],"c":true},"ix":2},"nm":"을","mn":"ADBE Vector Shape - Group","hd":false},{"ind":2,"ty":"sh","ix":3,"ks":{"a":0,"k":{"i":[[0,0],[-1.067,0.967],[0,2.134],[0,0],[0,0],[0,0],[-1.067,-0.966],[-2.134,0]],"o":[[2.133,0],[1.066,-0.966],[0,0],[0,0],[0,0],[0,2.134],[1.066,0.967],[0,0]],"v":[[81.8,-26.5],[86.6,-27.95],[88.2,-32.6],[88.2,-40.4],[2.4,-40.4],[2.4,-32.6],[4,-27.95],[8.8,-26.5]],"c":true},"ix":2},"nm":"을","mn":"ADBE Vector Shape - Group","hd":false},{"ind":3,"ty":"sh","ix":4,"ks":{"a":0,"k":{"i":[[0,0],[0,0],[0,0],[-0.9,-0.8],[-1.934,0],[0,0],[0,0],[0,0],[0,0],[-1,-0.9],[-1.934,0],[0,0],[-1,0.9],[0,1.933],[0,0],[0,0],[0,0],[0,0],[-0.9,0.8],[0,1.934]],"o":[[0,0],[0,0],[0,1.934],[0.9,0.8],[0,0],[0,0],[0,0],[0,0],[0,1.933],[1,0.9],[0,0],[1.933,0],[1,-0.9],[0,0],[0,0],[0,0],[0,0],[1.933,0],[0.9,-0.8],[0,0]],"v":[[83.2,-23.7],[7,-23.7],[7,-16.9],[8.35,-12.8],[12.6,-11.6],[62.8,-11.6],[62.8,-9.3],[7.2,-9.3],[7.2,11],[8.7,15.25],[13.1,16.6],[78.1,16.6],[82.5,15.25],[84,11],[84,4.3],[27.5,4.3],[27.5,2],[77.6,2],[81.85,0.8],[83.2,-3.3]],"c":true},"ix":2},"nm":"을","mn":"ADBE Vector Shape - Group","hd":false}],"nm":"을","np":7,"cix":2,"bm":0,"ix":1,"mn":"ADBE Vector Group","hd":false}]},"fFamily":"TmonMonsori"},{"ch":"\r","size":72,"style":"Black","w":0,"fFamily":"TmonMonsori"},{"ch":"공","size":72,"style":"Black","w":90.6,"data":{"shapes":[{"ty":"gr","it":[{"ind":0,"ty":"sh","ix":1,"ks":{"a":0,"k":{"i":[[0,0],[-1.234,-1.1],[-1.6,0],[0,0],[0,0],[0.466,-3.2],[0.933,-2.533],[0,0],[-0.567,3.934],[0,3.134],[0,0],[0,0]],"o":[[0,1.934],[1.233,1.1],[0,0],[0,0],[0,2.4],[-0.467,3.2],[0,0],[1.333,-3.133],[0.566,-3.933],[0,0],[0,0],[0,0]],"v":[[6.9,-66.2],[8.75,-61.65],[13,-60],[62.9,-60],[62.9,-58.1],[62.2,-49.7],[60.1,-41.1],[79.5,-41.1],[82.35,-51.7],[83.2,-62.3],[83.2,-75.4],[7,-75.4]],"c":true},"ix":2},"nm":"공","mn":"ADBE Vector Shape - Group","hd":false},{"ind":1,"ty":"sh","ix":2,"ks":{"a":0,"k":{"i":[[0,0],[-1.067,0.967],[0,2.134],[0,0],[0,0],[0,0],[0,0],[0,0],[0,0],[0,0],[-1.067,-0.966],[-2.134,0]],"o":[[2.133,0],[1.066,-0.966],[0,0],[0,0],[0,0],[0,0],[0,0],[0,0],[0,0],[0,2.134],[1.066,0.967],[0,0]],"v":[[81.8,-23],[86.6,-24.45],[88.2,-29.1],[88.2,-38.4],[48.5,-38.4],[48.5,-54],[28.2,-54],[28.2,-38.4],[2.4,-38.4],[2.4,-29.1],[4,-24.45],[8.8,-23]],"c":true},"ix":2},"nm":"공","mn":"ADBE Vector Shape - Group","hd":false},{"ind":2,"ty":"sh","ix":3,"ks":{"a":0,"k":{"i":[[0,0],[3.433,2.834],[4.933,0],[0,0],[3.433,-2.833],[0,-4.066],[0,0],[-3.434,-2.8],[-4.934,0],[0,0],[-3.434,2.8],[0,4.066]],"o":[[0,-4.066],[-3.434,-2.833],[0,0],[-4.934,0],[-3.434,2.834],[0,0],[0,4.066],[3.433,2.8],[0,0],[4.933,0],[3.433,-2.8],[0,0]],"v":[[85.3,-5.3],[80.15,-15.65],[67.6,-19.9],[23.2,-19.9],[10.65,-15.65],[5.5,-5.3],[5.5,2.2],[10.65,12.5],[23.2,16.7],[67.6,16.7],[80.15,12.5],[85.3,2.2]],"c":true},"ix":2},"nm":"공","mn":"ADBE Vector Shape - Group","hd":false},{"ind":3,"ty":"sh","ix":4,"ks":{"a":0,"k":{"i":[[0.666,-0.466],[2.266,0],[0,0],[0.666,0.466],[0,0.667],[-0.667,0.467],[-2.267,0],[0,0],[-0.667,-0.466],[0,-0.733]],"o":[[-0.667,0.466],[0,0],[-2.267,0],[-0.667,-0.466],[0,-0.733],[0.666,-0.466],[0,0],[2.266,0],[0.666,0.467],[0,0.667]],"v":[[64.6,0.2],[60.2,0.9],[30.8,0.9],[26.4,0.2],[25.4,-1.5],[26.4,-3.3],[30.8,-4],[60.2,-4],[64.6,-3.3],[65.6,-1.5]],"c":true},"ix":2},"nm":"공","mn":"ADBE Vector Shape - Group","hd":false}],"nm":"공","np":7,"cix":2,"bm":0,"ix":1,"mn":"ADBE Vector Group","hd":false}]},"fFamily":"TmonMonsori"},{"ch":"유","size":72,"style":"Black","w":90.6,"data":{"shapes":[{"ty":"gr","it":[{"ind":0,"ty":"sh","ix":1,"ks":{"a":0,"k":{"i":[[0,0],[3.433,3.267],[4.933,0],[0,0],[3.433,-3.266],[0,-4.933],[0,0],[-3.434,-3.3],[-4.934,0],[0,0],[-3.434,3.3],[0,4.867]],"o":[[0,-4.933],[-3.434,-3.266],[0,0],[-4.934,0],[-3.434,3.267],[0,0],[0,4.867],[3.433,3.3],[0,0],[4.933,0],[3.433,-3.3],[0,0]],"v":[[84.2,-58.2],[79.05,-70.5],[66.5,-75.4],[24.1,-75.4],[11.55,-70.5],[6.4,-58.2],[6.4,-44.6],[11.55,-32.35],[24.1,-27.4],[66.5,-27.4],[79.05,-32.35],[84.2,-44.6]],"c":true},"ix":2},"nm":"유","mn":"ADBE Vector Shape - Group","hd":false},{"ind":1,"ty":"sh","ix":2,"ks":{"a":0,"k":{"i":[[0,0],[-0.834,0.934],[-2.267,0],[0,0],[-0.834,-0.933],[0,-1.733],[0,0],[0.833,-0.966],[2.266,0],[0,0],[0.833,0.967],[0,1.667]],"o":[[0,-1.733],[0.833,-0.933],[0,0],[2.266,0],[0.833,0.934],[0,0],[0,1.667],[-0.834,0.967],[0,0],[-2.267,0],[-0.834,-0.966],[0,0]],"v":[[27,-54.3],[28.25,-58.3],[32.9,-59.7],[57.7,-59.7],[62.35,-58.3],[63.6,-54.3],[63.6,-48.5],[62.35,-44.55],[57.7,-43.1],[32.9,-43.1],[28.25,-44.55],[27,-48.5]],"c":true},"ix":2},"nm":"유","mn":"ADBE Vector Shape - Group","hd":false},{"ind":2,"ty":"sh","ix":3,"ks":{"a":0,"k":{"i":[[0,0],[-1.067,0.967],[0,2.134],[0,0],[0,0],[0,0],[-1.067,-0.966],[-2.134,0],[0,0],[0,0],[0,0],[-1.567,1.333],[0,2],[0,0],[0,0],[0,0],[0,0],[-1.567,1.333],[0,2],[0,0]],"o":[[2.133,0],[1.066,-0.966],[0,0],[0,0],[0,0],[0,2.134],[1.066,0.967],[0,0],[0,0],[0,0],[2.133,0],[1.566,-1.334],[0,0],[0,0],[0,0],[0,0],[2.133,0],[1.566,-1.334],[0,0],[0,0]],"v":[[81.8,-8.5],[86.6,-9.95],[88.2,-14.6],[88.2,-23.9],[2.4,-23.9],[2.4,-14.6],[4,-9.95],[8.8,-8.5],[20.8,-8.5],[20.8,16.3],[33.2,16.3],[38.75,14.3],[41.1,9.3],[41.1,-8.5],[52.8,-8.5],[52.8,16.3],[65.2,16.3],[70.75,14.3],[73.1,9.3],[73.1,-8.5]],"c":true},"ix":2},"nm":"유","mn":"ADBE Vector Shape - Group","hd":false}],"nm":"유","np":6,"cix":2,"bm":0,"ix":1,"mn":"ADBE Vector Group","hd":false}]},"fFamily":"TmonMonsori"},{"ch":"해","size":72,"style":"Black","w":90.6,"data":{"shapes":[{"ty":"gr","it":[{"ind":0,"ty":"sh","ix":1,"ks":{"a":0,"k":{"i":[[0,0],[-2.334,-2.9],[-4.2,0],[0,0],[-2.334,2.9],[0,4.666],[0,0],[2.333,2.867],[4.2,0],[0,0],[2.333,-2.866],[0,-4.733]],"o":[[0,4.666],[2.333,2.9],[0,0],[4.2,0],[2.333,-2.9],[0,0],[0,-4.733],[-2.334,-2.866],[0,0],[-4.2,0],[-2.334,2.867],[0,0]],"v":[[4.5,0.1],[8,11.45],[17.8,15.8],[31.6,15.8],[41.4,11.45],[44.9,0.1],[44.9,-34.9],[41.4,-46.3],[31.6,-50.6],[17.8,-50.6],[8,-46.3],[4.5,-34.9]],"c":true},"ix":2},"nm":"해","mn":"ADBE Vector Shape - Group","hd":false},{"ind":1,"ty":"sh","ix":2,"ks":{"a":0,"k":{"i":[[0,0],[0,0],[-0.967,-0.866],[-1.934,0],[0,0],[-0.967,0.867],[0,1.934],[0,0],[0,0],[0,0],[0,0],[0,0]],"o":[[0,0],[0,1.934],[0.966,0.867],[0,0],[1.933,0],[0.966,-0.866],[0,0],[0,0],[0,0],[0,0],[0,0],[0,0]],"v":[[3.3,-68.5],[3.3,-58.4],[4.75,-54.2],[9.1,-52.9],[40,-52.9],[44.35,-54.2],[45.8,-58.4],[45.8,-68.5],[33.9,-68.5],[33.9,-79.4],[15.3,-79.4],[15.3,-68.5]],"c":true},"ix":2},"nm":"해","mn":"ADBE Vector Shape - Group","hd":false},{"ind":2,"ty":"sh","ix":3,"ks":{"a":0,"k":{"i":[[0,0],[-0.367,0.634],[-0.734,0],[-0.267,-0.6],[0,-2.133],[0,0],[0.266,-0.6],[0.733,0],[0.366,0.634],[0,2.067]],"o":[[0,-2.066],[0.366,-0.633],[0.733,0],[0.266,0.6],[0,0],[0,2.134],[-0.267,0.6],[-0.734,0],[-0.367,-0.633],[0,0]],"v":[[22.7,-29.3],[23.25,-33.35],[24.9,-34.3],[26.4,-33.4],[26.8,-29.3],[26.8,-5.5],[26.4,-1.4],[24.9,-0.5],[23.25,-1.45],[22.7,-5.5]],"c":true},"ix":2},"nm":"해","mn":"ADBE Vector Shape - Group","hd":false},{"ind":3,"ty":"sh","ix":4,"ks":{"a":0,"k":{"i":[[0,0],[0,0],[0,0],[0,0],[0,0],[0,0],[0,0],[0,0],[-1.9,1.866],[0,2.933],[0,0],[0,0],[0,0],[0,0],[-2.2,2.366],[0,3.066]],"o":[[0,0],[0,0],[0,0],[0,0],[0,0],[0,0],[0,0],[3.133,0],[1.9,-1.867],[0,0],[0,0],[0,0],[0,0],[3.466,0],[2.2,-2.367],[0,0]],"v":[[87.2,-75.3],[69.1,-75.3],[69.1,-43.8],[66.4,-43.8],[66.4,-75.3],[48.3,-75.3],[48.3,16.5],[56,16.5],[63.55,13.7],[66.4,6.5],[66.4,-27.1],[69.1,-27.1],[69.1,16.5],[75.4,16.5],[83.9,12.95],[87.2,4.8]],"c":true},"ix":2},"nm":"해","mn":"ADBE Vector Shape - Group","hd":false}],"nm":"해","np":7,"cix":2,"bm":0,"ix":1,"mn":"ADBE Vector Group","hd":false}]},"fFamily":"TmonMonsori"},{"ch":"보","size":72,"style":"Black","w":90.6,"data":{"shapes":[{"ty":"gr","it":[{"ind":0,"ty":"sh","ix":1,"ks":{"a":0,"k":{"i":[[0,0],[0,0],[0,0],[0,0]],"o":[[0,0],[0,0],[0,0],[0,0]],"v":[[27.6,-32.5],[27.6,-46.4],[63,-46.4],[63,-32.5]],"c":true},"ix":2},"nm":"보","mn":"ADBE Vector Shape - Group","hd":false},{"ind":1,"ty":"sh","ix":2,"ks":{"a":0,"k":{"i":[[0,0],[0,0],[0,0],[0,0],[0,0],[0,0],[0,0],[-1.2,-1.166],[-2.267,0],[0,0],[-1.2,1.167],[0,2.267]],"o":[[0,0],[0,0],[0,0],[0,0],[0,0],[0,0],[0,2.267],[1.2,1.167],[0,0],[2.266,0],[1.2,-1.166],[0,0]],"v":[[83.3,-75.1],[63,-75.1],[63,-61.9],[27.6,-61.9],[27.6,-75.1],[7.4,-75.1],[7.4,-23.9],[9.2,-18.75],[14.4,-17],[76.3,-17],[81.5,-18.75],[83.3,-23.9]],"c":true},"ix":2},"nm":"보","mn":"ADBE Vector Shape - Group","hd":false},{"ind":2,"ty":"sh","ix":3,"ks":{"a":0,"k":{"i":[[0,0],[0,0],[-1.5,-1.334],[-2.267,0],[0,0],[-1.467,1.333],[0,2.266],[0,0],[0,0],[0,0],[0,0],[0,0]],"o":[[0,0],[0,2.266],[1.5,1.333],[0,0],[2.333,0],[1.466,-1.334],[0,0],[0,0],[0,0],[0,0],[0,0],[0,0]],"v":[[2.7,0.8],[2.7,8.9],[4.95,14.3],[10.6,16.3],[80,16.3],[85.7,14.3],[87.9,8.9],[87.9,0.8],[55.5,0.8],[55.5,-14],[35.3,-14],[35.3,0.8]],"c":true},"ix":2},"nm":"보","mn":"ADBE Vector Shape - Group","hd":false}],"nm":"보","np":6,"cix":2,"bm":0,"ix":1,"mn":"ADBE Vector Group","hd":false}]},"fFamily":"TmonMonsori"},{"ch":"이","size":72,"style":"Black","w":90.6,"data":{"shapes":[{"ty":"gr","it":[{"ind":0,"ty":"sh","ix":1,"ks":{"a":0,"k":{"i":[[0,0],[-2.734,-2.9],[-4.667,0],[0,0],[-2.734,2.9],[0,4.666],[0,0],[2.733,2.867],[4.666,0],[0,0],[2.733,-2.866],[0,-4.733]],"o":[[0,4.666],[2.733,2.9],[0,0],[4.666,0],[2.733,-2.9],[0,0],[0,-4.733],[-2.734,-2.866],[0,0],[-4.667,0],[-2.734,2.867],[0,0]],"v":[[7.2,0.5],[11.3,11.85],[22.4,16.2],[41.3,16.2],[52.4,11.85],[56.5,0.5],[56.5,-59.9],[52.4,-71.3],[41.3,-75.6],[22.4,-75.6],[11.3,-71.3],[7.2,-59.9]],"c":true},"ix":2},"nm":"이","mn":"ADBE Vector Shape - Group","hd":false},{"ind":1,"ty":"sh","ix":2,"ks":{"a":0,"k":{"i":[[0,0],[-0.667,0.6],[-1.067,0],[0,0],[-0.667,-0.6],[0,-2.133],[0,0],[0.666,-0.633],[1.066,0],[0,0],[0.666,0.633],[0,2.067]],"o":[[0,-2.133],[0.666,-0.6],[0,0],[1.066,0],[0.666,0.6],[0,0],[0,2.067],[-0.667,0.633],[0,0],[-1.067,0],[-0.667,-0.633],[0,0]],"v":[[27.5,-55],[28.5,-59.1],[31.1,-60],[32.6,-60],[35.2,-59.1],[36.2,-55],[36.2,-4.4],[35.2,-0.35],[32.6,0.6],[31.1,0.6],[28.5,-0.35],[27.5,-4.4]],"c":true},"ix":2},"nm":"이","mn":"ADBE Vector Shape - Group","hd":false},{"ind":2,"ty":"sh","ix":3,"ks":{"a":0,"k":{"i":[[0,0],[0,0],[0,0],[0,0],[-2.5,2.5],[0,3.666]],"o":[[0,0],[0,0],[0,0],[3.666,0],[2.5,-2.5],[0,0]],"v":[[82.4,-75.3],[62.1,-75.3],[62.1,16.6],[69.4,16.6],[78.65,12.85],[82.4,3.6]],"c":true},"ix":2},"nm":"이","mn":"ADBE Vector Shape - Group","hd":false}],"nm":"이","np":6,"cix":2,"bm":0,"ix":1,"mn":"ADBE Vector Group","hd":false}]},"fFamily":"TmonMonsori"},{"ch":"제","size":72,"style":"Black","w":90.6,"data":{"shapes":[{"ty":"gr","it":[{"ind":0,"ty":"sh","ix":1,"ks":{"a":0,"k":{"i":[[0,0],[0,0],[-0.967,-0.866],[-1.934,0],[0,0],[0,0],[2.8,-4.366],[3.533,-0.733],[0,0],[-4.834,3.2],[-1.6,3.8],[-3.9,-2.967],[-3.934,-0.734],[0,0],[1.966,4.367],[0,8.467],[0,0],[0,0],[-0.967,0.867],[0,1.934],[0,0]],"o":[[0,0],[0,1.934],[0.966,0.867],[0,0],[0,0],[0,9.6],[-2.8,4.367],[0,0],[4.133,-0.067],[4.833,-3.2],[1.4,3.466],[3.9,2.966],[0,0],[-3.067,-1.4],[-1.967,-4.366],[0,0],[0,0],[1.933,0],[0.966,-0.866],[0,0],[0,0]],"v":[[3.7,-75.1],[3.7,-65],[5.15,-60.8],[9.5,-59.5],[15.4,-59.5],[15.4,-29.2],[11.2,-8.25],[1.7,-0.6],[1.7,16.2],[15.15,11.3],[24.8,0.8],[32.75,10.45],[44.5,16],[44.5,-1.3],[36.95,-9.95],[34,-29.2],[34,-59.5],[38.3,-59.5],[42.65,-60.8],[44.1,-65],[44.1,-75.1]],"c":true},"ix":2},"nm":"제","mn":"ADBE Vector Shape - Group","hd":false},{"ind":1,"ty":"sh","ix":2,"ks":{"a":0,"k":{"i":[[0,0],[0,0],[0,0],[0,0],[0,0],[-1.067,-1.033],[-1.667,0],[0,0],[0,0],[0,0],[-1.9,1.866],[0,2.933]],"o":[[0,0],[0,0],[0,0],[0,0],[0,1.667],[1.066,1.034],[0,0],[0,0],[0,0],[3.133,0],[1.9,-1.867],[0,0]],"v":[[65.2,-75.3],[47,-75.3],[47,-44.4],[36.9,-44.4],[36.9,-33.4],[38.5,-29.35],[42.6,-27.8],[47,-27.8],[47,16.5],[54.8,16.5],[62.35,13.7],[65.2,6.5]],"c":true},"ix":2},"nm":"제","mn":"ADBE Vector Shape - Group","hd":false},{"ind":2,"ty":"sh","ix":3,"ks":{"a":0,"k":{"i":[[0,0],[0,0],[-2.2,2.366],[0,3.066],[0,0],[0,0]],"o":[[0,0],[3.466,0],[2.2,-2.367],[0,0],[0,0],[0,0]],"v":[[67.9,16.5],[74.6,16.5],[83.1,12.95],[86.4,4.8],[86.4,-75.3],[67.9,-75.3]],"c":true},"ix":2},"nm":"제","mn":"ADBE Vector Shape - Group","hd":false}],"nm":"제","np":6,"cix":2,"bm":0,"ix":1,"mn":"ADBE Vector Group","hd":false}]},"fFamily":"TmonMonsori"},{"ch":"화","size":72,"style":"Black","w":90.6,"data":{"shapes":[{"ty":"gr","it":[{"ind":0,"ty":"sh","ix":1,"ks":{"a":0,"k":{"i":[[0,0],[0,0],[0,0],[1.866,-0.2],[2.133,0],[0,0],[0,0],[0,0],[-2.734,2.9],[0,4.667],[0,0],[2.733,2.867],[4.666,0],[0,0],[2.733,-2.866],[0,-4.733],[0,0],[-2.734,-2.9],[-4.667,0],[0,0],[0,0],[0,0],[0,0],[-1.3,-1.134],[-2.2,0],[0,0],[-2.067,0.333],[-0.934,0.266],[0,0],[0,0],[-2.5,2.5],[0,3.666],[0,0],[0,0],[-1.434,1],[0,2.267],[0,0],[0,0]],"o":[[0,0],[0,0],[-0.8,0.334],[-2.067,0.333],[0,0],[0,0],[0,0],[4.666,0],[2.733,-2.9],[0,0],[0,-4.733],[-2.734,-2.866],[0,0],[-4.667,0],[-2.734,2.867],[0,0],[0,4.667],[2.733,2.9],[0,0],[0,0],[0,0],[0,0],[0,2.133],[1.3,1.133],[0,0],[2.333,0],[1.933,-0.334],[0,0],[0,0],[3.666,0],[2.5,-2.5],[0,0],[0,0],[2.4,0],[1.433,-1],[0,0],[0,0],[0,0]],"v":[[79.9,-75.3],[59.6,-75.3],[59.6,-0.8],[55.6,0],[49.3,0.5],[41,0.5],[41,-7.8],[41.3,-7.8],[52.4,-12.15],[56.5,-23.5],[56.5,-37.5],[52.4,-48.9],[41.3,-53.2],[20.2,-53.2],[9.1,-48.9],[5,-37.5],[5,-23.5],[9.1,-12.15],[20.2,-7.8],[21,-7.8],[21,0.5],[3.3,0.5],[3.3,9.4],[5.25,14.3],[10.5,16],[48.7,16],[55.3,15.5],[59.6,14.6],[59.6,16.6],[66.9,16.6],[76.15,12.85],[79.9,3.6],[79.9,-23.5],[84.7,-23.5],[90.45,-25],[92.6,-29.9],[92.6,-40.9],[79.9,-40.9]],"c":true},"ix":2},"nm":"화","mn":"ADBE Vector Shape - Group","hd":false},{"ind":1,"ty":"sh","ix":2,"ks":{"a":0,"k":{"i":[[0,0],[0,0],[-0.967,-0.866],[-1.934,0],[0,0],[-0.967,0.867],[0,1.934],[0,0],[0,0],[0,0],[0,0],[0,0]],"o":[[0,0],[0,1.934],[0.966,0.867],[0,0],[1.933,0],[0.966,-0.866],[0,0],[0,0],[0,0],[0,0],[0,0],[0,0]],"v":[[2.3,-70.9],[2.3,-61.3],[3.75,-57.1],[8.1,-55.8],[51.4,-55.8],[55.75,-57.1],[57.2,-61.3],[57.2,-70.9],[40.6,-70.9],[40.6,-80.3],[20.4,-80.3],[20.4,-70.9]],"c":true},"ix":2},"nm":"화","mn":"ADBE Vector Shape - Group","hd":false},{"ind":2,"ty":"sh","ix":3,"ks":{"a":0,"k":{"i":[[0,0],[-0.7,0.6],[-1.067,0],[0,0],[-0.667,-0.6],[0,-2.133],[0,0],[0.666,-0.633],[1.066,0],[0,0],[0.7,0.634],[0,2.067]],"o":[[0,-2.133],[0.7,-0.6],[0,0],[1.066,0],[0.666,0.6],[0,0],[0,2.067],[-0.667,0.634],[0,0],[-1.067,0],[-0.7,-0.633],[0,0]],"v":[[25.3,-32.4],[26.35,-36.5],[29,-37.4],[32.6,-37.4],[35.2,-36.5],[36.2,-32.4],[36.2,-28.6],[35.2,-24.55],[32.6,-23.6],[29,-23.6],[26.35,-24.55],[25.3,-28.6]],"c":true},"ix":2},"nm":"화","mn":"ADBE Vector Shape - Group","hd":false}],"nm":"화","np":6,"cix":2,"bm":0,"ix":1,"mn":"ADBE Vector Group","hd":false}]},"fFamily":"TmonMonsori"},{"ch":"면","size":72,"style":"Black","w":90.6,"data":{"shapes":[{"ty":"gr","it":[{"ind":0,"ty":"sh","ix":1,"ks":{"a":0,"k":{"i":[[0,0],[-0.967,-0.866],[-1.934,0],[0,0],[-0.967,0.867],[0,1.934],[0,0],[0,0],[0,0],[0,0],[-1.4,1.234],[0,2.067],[0,0],[0,0],[0,0],[0,0],[0,0],[0,0]],"o":[[0,1.934],[0.966,0.867],[0,0],[1.933,0],[0.966,-0.866],[0,0],[0,0],[0,0],[0,0],[2.333,0],[1.4,-1.233],[0,0],[0,0],[0,0],[0,0],[0,0],[0,0],[0,0]],"v":[[6.2,-27],[7.65,-22.8],[12,-21.5],[49.8,-21.5],[54.15,-22.8],[55.6,-27],[55.6,-30.4],[62.5,-30.4],[62.5,-11.1],[75.1,-11.1],[80.7,-12.95],[82.8,-17.9],[82.8,-75.3],[62.5,-75.3],[62.5,-67.4],[55.6,-67.4],[55.6,-75.1],[6.2,-75.1]],"c":true},"ix":2},"nm":"면","mn":"ADBE Vector Shape - Group","hd":false},{"ind":1,"ty":"sh","ix":2,"ks":{"a":0,"k":{"i":[[0,0],[-1.2,1.1],[0,2],[0,0],[0,0],[0,0],[0,0],[0,0],[-1.167,-1.1],[-2.067,0]],"o":[[2.066,0],[1.2,-1.1],[0,0],[0,0],[0,0],[0,0],[0,0],[0,2],[1.166,1.1],[0,0]],"v":[[76.4,16.6],[81.3,14.95],[83.1,10.3],[83.1,1],[31.7,1],[31.7,-18],[11.3,-18],[11.3,10.3],[13.05,14.95],[17.9,16.6]],"c":true},"ix":2},"nm":"면","mn":"ADBE Vector Shape - Group","hd":false},{"ind":2,"ty":"sh","ix":3,"ks":{"a":0,"k":{"i":[[0,0],[0,0],[0,0],[0,0]],"o":[[0,0],[0,0],[0,0],[0,0]],"v":[[26.6,-59.5],[35.3,-59.5],[35.3,-37.1],[26.6,-37.1]],"c":true},"ix":2},"nm":"면","mn":"ADBE Vector Shape - Group","hd":false},{"ind":3,"ty":"sh","ix":4,"ks":{"a":0,"k":{"i":[[0,0],[0,0],[0,0],[0,0]],"o":[[0,0],[0,0],[0,0],[0,0]],"v":[[62.5,-52.5],[62.5,-45.3],[55.6,-45.3],[55.6,-52.5]],"c":true},"ix":2},"nm":"면","mn":"ADBE Vector Shape - Group","hd":false}],"nm":"면","np":7,"cix":2,"bm":0,"ix":1,"mn":"ADBE Vector Group","hd":false}]},"fFamily":"TmonMonsori"},{"ch":"터","size":72,"style":"Black","w":90.6,"data":{"shapes":[{"ty":"gr","it":[{"ind":0,"ty":"sh","ix":1,"ks":{"a":0,"k":{"i":[[0,0],[-0.967,0.9],[0,1.934],[0,0],[0,0],[0,0],[0,0],[-1,0.9],[0,1.934],[0,0],[0,0],[0,0],[-1.2,-1.167],[-2.267,0],[0,0],[-3.267,0.5],[-2.867,1.066],[0,0],[3.433,-0.533],[2.2,0],[0,0],[0,0]],"o":[[1.933,0],[0.966,-0.9],[0,0],[0,0],[0,0],[0,0],[1.933,0],[1,-0.9],[0,0],[0,0],[0,0],[0,2.266],[1.2,1.166],[0,0],[3.533,0],[3.266,-0.5],[0,0],[-3,1.067],[-3.434,0.533],[0,0],[0,0],[0,0]],"v":[[45.6,-24.3],[49.95,-25.65],[51.4,-29.9],[51.4,-39.6],[27.9,-39.6],[27.9,-59.5],[47.2,-59.5],[51.6,-60.85],[53.1,-65.1],[53.1,-75.1],[7.6,-75.1],[7.6,9.3],[9.4,14.45],[14.6,16.2],[40,16.2],[50.2,15.45],[59.4,13.1],[59.4,-2.5],[49.75,-0.1],[41.3,0.7],[27.9,0.7],[27.9,-24.3]],"c":true},"ix":2},"nm":"터","mn":"ADBE Vector Shape - Group","hd":false},{"ind":1,"ty":"sh","ix":2,"ks":{"a":0,"k":{"i":[[0,0],[0,0],[0,0],[0,0],[0,0],[-1.067,-1.033],[-1.667,0],[0,0],[0,0],[0,0],[-2.5,2.5],[0,3.666]],"o":[[0,0],[0,0],[0,0],[0,0],[0,1.667],[1.066,1.034],[0,0],[0,0],[0,0],[3.666,0],[2.5,-2.5],[0,0]],"v":[[83.1,-75.3],[62.8,-75.3],[62.8,-42],[54.7,-42],[54.7,-31.5],[56.3,-27.45],[60.4,-25.9],[62.8,-25.9],[62.8,16.6],[70.1,16.6],[79.35,12.85],[83.1,3.6]],"c":true},"ix":2},"nm":"터","mn":"ADBE Vector Shape - Group","hd":false}],"nm":"터","np":5,"cix":2,"bm":0,"ix":1,"mn":"ADBE Vector Group","hd":false}]},"fFamily":"TmonMonsori"},{"ch":"치","size":72,"style":"Black","w":90.6,"data":{"shapes":[{"ty":"gr","it":[{"ind":0,"ty":"sh","ix":1,"ks":{"a":0,"k":{"i":[[-5.4,-3.2],[-4.667,-0.067],[0,0],[3.2,4.367],[0,9.6],[0,0],[0,0],[-0.967,0.867],[0,1.934],[0,0],[0,0],[0,0],[0,0],[0,0],[0,0],[0,0],[-0.967,-0.866],[-1.934,0],[0,0],[0,0],[3.333,-4.366],[4.2,-0.733],[0,0],[-5.667,3.2],[-1.734,3.8]],"o":[[5.4,3.2],[0,0],[-3.934,-0.733],[-3.2,-4.366],[0,0],[0,0],[1.933,0],[0.966,-0.866],[0,0],[0,0],[0,0],[0,0],[0,0],[0,0],[0,0],[0,1.934],[0.966,0.867],[0,0],[0,0],[0,9.6],[-3.334,4.367],[0,0],[4.866,-0.067],[5.666,-3.2],[1.733,3.8]],"v":[[43.7,11.3],[58.8,16.2],[58.8,-0.2],[48.1,-7.85],[43.3,-28.8],[43.3,-53.5],[52.8,-53.5],[57.15,-54.8],[58.6,-59],[58.6,-69.1],[43.3,-69.1],[43.3,-79.5],[22.4,-79.5],[22.4,-69.1],[6.1,-69.1],[6.1,-59],[7.55,-54.8],[11.9,-53.5],[22.4,-53.5],[22.4,-28.8],[17.4,-7.85],[6.1,-0.2],[6.1,16.2],[21.9,11.3],[33,0.8]],"c":true},"ix":2},"nm":"치","mn":"ADBE Vector Shape - Group","hd":false},{"ind":1,"ty":"sh","ix":2,"ks":{"a":0,"k":{"i":[[0,0],[0,0],[0,0],[0,0],[-2.5,2.5],[0,3.666]],"o":[[0,0],[0,0],[0,0],[3.666,0],[2.5,-2.5],[0,0]],"v":[[82.4,-75.3],[62.1,-75.3],[62.1,16.6],[69.4,16.6],[78.65,12.85],[82.4,3.6]],"c":true},"ix":2},"nm":"치","mn":"ADBE Vector Shape - Group","hd":false}],"nm":"치","np":5,"cix":2,"bm":0,"ix":1,"mn":"ADBE Vector Group","hd":false}]},"fFamily":"TmonMonsori"}]}